bid_request_id,campaign_id,ad_format,device_type,device_id,os,browser,user_agent,geo,network,domain,timestamp,response_time_ms,floor_price,bid_price,win_price,estimated_ctr,won,clicked,converted
9c2bb000-1f62-49ee-a965-80b558df9401,cmp_018,video,mobile,458fee5b0adc48cd,macOS,Chrome,Mozilla/5.0 (iPhone; CPU iPhone OS 16_0 like Mac OS X),UK,2G,example.com,2025-04-14T17:01:47,127,0.48,0.23,,0.133,False,False,False
dd915815-8665-46b7-9899-e6579fc3a7d5,cmp_014,native,mobile,9de106bd50034977,Windows,Safari,Mozilla/5.0 (Linux; Android 13; Pixel 6),US,4G,funmedia.co,2025-04-14T15:14:28,155,0.29,3.84,,0.082,False,False,False
771f03d5-3689-4305-9b33-346bb18ce357,cmp_013,banner,desktop,e918b9a031aa409c,Windows,Firefox,Mozilla/5.0 (iPhone; CPU iPhone OS 16_0 like Mac OS X),JP,5G,example.com,2025-04-14T09:16:51,117,0.65,1.22,0.89,0.025,True,False,False
02aac241-0877-4841-8859-a4a4291fc3a8,cmp_020,video,mobile,9a391df4700644f4,Android,Safari,Mozilla/5.0 (iPhone; CPU iPhone OS 16_0 like Mac OS X),DE,5G,newsnet.org,2025-04-14T17:23:10,111,1.86,1.42,,0.141,False,False,False
cfbb5978-8ec9-4c71-bfd2-2fc1ee2cae87,cmp_013,banner,mobile,94b9c5d644de422a,iOS,Safari,Mozilla/5.0 (Windows NT 10.0; Win64; x64),US,WiFi,funmedia.co,2025-04-14T06:20:53,76,1.05,1.14,,0.178,False,False,False
49ee201a-7c42-4951-8900-78ee40c15a15,cmp_019,native,mobile,e7752e094635418e,Windows,Safari,Mozilla/5.0 (Macintosh; Intel Mac OS X 12_5),DE,WiFi,sportsbuzz.io,2025-04-14T04:08:15,100,1.04,0.78,,0.154,False,False,False
135f7933-5846-4159-8b29-bfc966494dfc,cmp_013,banner,desktop,07a254dd247d48ab,macOS,Firefox,Mozilla/5.0 (iPhone; CPU iPhone OS 16_0 like Mac OS X),AU,WiFi,sportsbuzz.io,2025-04-14T21:09:40,123,1.4,3.63,,0.112,False,False,False
22b00730-22d3-4d4b-8a25-1adbd1d41ef4,cmp_017,video,mobile,b9e0e94ab5cf4e6e,iOS,Firefox,Mozilla/5.0 (Windows NT 10.0; Win64; x64),US,WiFi,newsnet.org,2025-04-14T17:07:18,117,0.48,2.59,2.53,0.081,True,False,False
d8114638-b671-41f3-8e54-177e96dc84cc,cmp_008,video,mobile,d4ca0614296040fb,Android,Chrome,Mozilla/5.0 (Windows NT 10.0; Win64; x64),BR,3G,example.com,2025-04-14T21:38:20,109,1.56,3.83,,0.034,False,False,False
924e2831-a6e4-4287-a6d4-4f9ac3fcee7e,cmp_010,native,mobile,b47de059a032412b,Windows,Edge,Mozilla/5.0 (Linux; Android 13; Pixel 6),IN,WiFi,sportsbuzz.io,2025-04-14T15:16:33,121,0.57,2.31,1.99,0.022,True,False,False
fc46ccc9-300a-40cd-af50-7de595f8332d,cmp_003,banner,mobile,c6a8c99ebb334197,Android,Firefox,Mozilla/5.0 (Windows NT 10.0; Win64; x64),US,WiFi,shopnow.com,2025-04-14T00:45:40,124,1.18,4.68,,0.1,False,False,False
7b83c6b1-9b33-4bea-b9d6-47b1466d38af,cmp_014,banner,desktop,0210a58864854464,iOS,Chrome,Mozilla/5.0 (Macintosh; Intel Mac OS X 12_5),BR,3G,sportsbuzz.io,2025-04-14T20:12:06,136,1.62,3.67,3.14,0.031,True,False,False
9a398dce-a02e-400b-b878-8e8cdc7b68b9,cmp_002,banner,mobile,9d419dec2b554361,iOS,Chrome,Mozilla/5.0 (iPhone; CPU iPhone OS 16_0 like Mac OS X),JP,WiFi,shopnow.com,2025-04-14T05:29:15,131,0.51,2.48,2.01,0.086,True,False,False
c19ad6fb-0200-4560-95f3-7135834f73d4,cmp_005,video,mobile,f2bbdb12da3447cf,Windows,Safari,Mozilla/5.0 (Macintosh; Intel Mac OS X 12_5),JP,WiFi,newsnet.org,2025-04-14T07:50:50,105,1.13,2.94,2.56,0.152,True,False,False
90c95cad-e05b-4f45-9987-34c1d6cbe866,cmp_020,native,mobile,0d77d772125b4bac,Android,Edge,Mozilla/5.0 (iPhone; CPU iPhone OS 16_0 like Mac OS X),UK,3G,example.com,2025-04-14T20:10:03,137,1.28,3.01,,0.09,False,False,False
2db2c826-5f11-4d9b-91e6-235e30f46b89,cmp_009,banner,desktop,eb694e631fc44ae6,Android,Firefox,Mozilla/5.0 (Linux; Android 13; Pixel 6),BR,5G,sportsbuzz.io,2025-04-14T14:59:16,106,1.88,4.65,,0.012,False,False,False
41f47f3d-a03f-4733-b821-997ebcfbcb44,cmp_012,native,mobile,93d72df7a59846b2,Android,Firefox,Mozilla/5.0 (Linux; Android 13; Pixel 6),DE,4G,example.com,2025-04-14T15:06:04,85,1.97,1.58,,0.163,False,False,False
59e4a8c0-df6d-4a64-9dc3-645994963b1f,cmp_009,native,mobile,79f1c2a996c84e33,iOS,Safari,Mozilla/5.0 (Linux; Android 13; Pixel 6),CA,4G,example.com,2025-04-14T14:42:52,134,1.46,3.06,,0.049,False,False,False
a49bbffc-40e9-460e-921e-e2e3c161aa15,cmp_002,banner,mobile,71f087f265d44869,Windows,Safari,Mozilla/5.0 (Windows NT 10.0; Win64; x64),AU,WiFi,example.com,2025-04-14T07:31:16,116,0.91,2.8,2.68,0.012,True,False,False
de23d6b1-61b0-4e27-89c8-de5f0eb637e8,cmp_002,native,mobile,fc0d94432bb14af8,Windows,Chrome,Mozilla/5.0 (Linux; Android 13; Pixel 6),AU,WiFi,funmedia.co,2025-04-14T15:53:23,169,0.57,1.13,,0.03,False,False,False
33d1afc1-3152-4098-af2c-1f0d89d9fcf0,cmp_006,native,mobile,8398d8a507164a74,iOS,Safari,Mozilla/5.0 (Linux; Android 13; Pixel 6),IN,WiFi,sportsbuzz.io,2025-04-14T21:26:39,86,1.74,4.03,,0.164,False,False,False
d14c0134-6ade-45f1-a60f-7cafc7a5e217,cmp_015,banner,desktop,64f81b5629714e1f,Windows,Safari,Mozilla/5.0 (Linux; Android 13; Pixel 6),IN,4G,funmedia.co,2025-04-14T20:06:24,180,0.86,3.33,3.08,0.063,True,False,False
039070e2-0b8c-401e-ac55-acb878b37d86,cmp_009,native,mobile,a3f5a61976ab4d05,Windows,Chrome,Mozilla/5.0 (iPhone; CPU iPhone OS 16_0 like Mac OS X),US,3G,newsnet.org,2025-04-14T14:43:53,76,1.25,1.64,,0.107,False,False,False
2026c1a6-a37d-4cea-8ec7-a168b84dc1a0,cmp_012,native,mobile,285462c694414836,iOS,Firefox,Mozilla/5.0 (Linux; Android 13; Pixel 6),JP,WiFi,sportsbuzz.io,2025-04-14T16:16:02,139,0.34,3.35,,0.181,False,False,False
bff04b36-49d3-4943-b844-2209009eb495,cmp_014,native,mobile,a42a77085ef3431e,Android,Firefox,Mozilla/5.0 (Linux; Android 13; Pixel 6),UK,4G,sportsbuzz.io,2025-04-14T18:20:25,133,1.59,1.13,,0.125,False,False,False
99571428-2d35-4487-88fd-a1410b3d16ca,cmp_003,native,mobile,b3a70f1facd6456f,Windows,Chrome,Mozilla/5.0 (Linux; Android 13; Pixel 6),FR,WiFi,funmedia.co,2025-04-14T09:28:28,98,1.38,3.78,2.67,0.053,True,False,False
a5cd5042-483b-4c14-9639-18b452d8dd7f,cmp_016,banner,mobile,9ff0cf02696f43a5,Android,Safari,Mozilla/5.0 (Macintosh; Intel Mac OS X 12_5),IN,WiFi,sportsbuzz.io,2025-04-14T13:54:49,170,0.3,3.87,3.78,0.091,True,False,False
40b4726f-fffb-4b30-ab61-baa4aa0b02a1,cmp_015,banner,mobile,69dc3ad723ee4879,macOS,Edge,Mozilla/5.0 (Windows NT 10.0; Win64; x64),FR,WiFi,shopnow.com,2025-04-14T01:15:58,122,1.0,3.74,3.31,0.059,True,False,False
fc2da456-84de-4720-b9cd-941565734101,cmp_009,video,mobile,47e28e0f4f4e4ac3,Windows,Chrome,Mozilla/5.0 (Linux; Android 13; Pixel 6),DE,3G,funmedia.co,2025-04-14T14:40:15,125,0.22,3.56,,0.087,False,False,False
e32d3292-a609-4fde-9b97-a7499d1d6f41,cmp_016,video,mobile,7c68b61140374f36,Windows,Firefox,Mozilla/5.0 (Macintosh; Intel Mac OS X 12_5),US,WiFi,example.com,2025-04-14T11:13:53,166,1.91,4.28,,0.09,False,False,False
64a29a6f-e81c-49e2-9101-a10ec358f0ee,cmp_016,banner,mobile,c3083405d6874c89,macOS,Firefox,Mozilla/5.0 (Macintosh; Intel Mac OS X 12_5),DE,WiFi,example.com,2025-04-14T15:38:57,134,1.85,4.22,,0.196,False,False,False
018c4dd0-bba9-400e-8ac9-bf8809e242aa,cmp_015,native,mobile,4a775256c43b44a5,iOS,Firefox,Mozilla/5.0 (Linux; Android 13; Pixel 6),AU,4G,newsnet.org,2025-04-14T21:37:36,74,0.72,1.14,,0.155,False,False,False
9b6ce417-d1e4-4347-ab31-fec7015b4258,cmp_018,video,desktop,56e0a89127424a64,Windows,Safari,Mozilla/5.0 (iPhone; CPU iPhone OS 16_0 like Mac OS X),FR,WiFi,example.com,2025-04-14T19:53:26,128,1.9,3.8,2.83,0.048,True,False,False
e8fd6a44-0462-4984-9b35-fc1f33d0861b,cmp_020,video,desktop,8fdb345c88a34f2e,iOS,Safari,Mozilla/5.0 (Linux; Android 13; Pixel 6),BR,WiFi,shopnow.com,2025-04-14T18:36:13,77,0.15,0.63,,0.069,False,False,False
e84d2757-5571-483c-9df1-2460eb2636ef,cmp_010,banner,mobile,88ebba0b4f554523,iOS,Chrome,Mozilla/5.0 (iPhone; CPU iPhone OS 16_0 like Mac OS X),IN,4G,shopnow.com,2025-04-14T22:25:45,94,0.75,2.58,,0.171,False,False,False
58eb5790-259c-444e-8e09-72b5cb14534b,cmp_017,video,desktop,465899d6c6484a6a,macOS,Edge,Mozilla/5.0 (Linux; Android 13; Pixel 6),AU,5G,funmedia.co,2025-04-14T02:23:40,133,0.61,3.68,,0.172,False,False,False
652d002b-f4ea-4a1b-8bb7-576c242d972c,cmp_001,banner,desktop,ed80f4f9ece84740,Windows,Safari,Mozilla/5.0 (Windows NT 10.0; Win64; x64),AU,5G,sportsbuzz.io,2025-04-14T02:56:28,106,1.23,1.47,,0.177,False,False,False
cadec4a8-0b38-4119-b8cb-cca8db1fe41d,cmp_016,banner,desktop,0a1432f1234a4925,macOS,Chrome,Mozilla/5.0 (Linux; Android 13; Pixel 6),FR,3G,sportsbuzz.io,2025-04-14T14:12:05,138,1.41,1.19,,0.068,False,False,False
9c317549-9402-496d-a8a5-d391d458b52c,cmp_012,native,mobile,b744a5d9c2124bdb,Windows,Firefox,Mozilla/5.0 (Windows NT 10.0; Win64; x64),JP,4G,sportsbuzz.io,2025-04-14T16:30:35,134,1.12,0.69,,0.155,False,False,False
567a72e3-67b8-4040-adf4-e49da462eb0a,cmp_004,video,mobile,3c5d99369fd6449b,Windows,Safari,Mozilla/5.0 (Windows NT 10.0; Win64; x64),JP,4G,newsnet.org,2025-04-14T05:13:47,133,1.45,1.58,1.13,0.034,True,False,False
b4e76299-6971-4a1b-ab7b-037ef8b7e70d,cmp_016,video,mobile,6ab677cfbb0d455f,macOS,Firefox,Mozilla/5.0 (Windows NT 10.0; Win64; x64),US,4G,sportsbuzz.io,2025-04-14T22:40:55,188,1.66,2.44,2.15,0.086,True,True,False
ca9af813-c82d-4393-aa92-9f364b9f675e,cmp_017,banner,mobile,f8bfc511306649fc,macOS,Edge,Mozilla/5.0 (Linux; Android 13; Pixel 6),AU,4G,sportsbuzz.io,2025-04-14T15:19:05,143,0.91,2.98,2.92,0.118,True,True,False
9078d0ac-b9d6-4163-a294-38a127b48c38,cmp_006,banner,mobile,e9f42c56b3f54184,macOS,Edge,Mozilla/5.0 (iPhone; CPU iPhone OS 16_0 like Mac OS X),UK,WiFi,example.com,2025-04-14T17:16:42,112,0.64,1.51,1.16,0.173,True,False,False
c1ce9175-e5dd-466c-b322-ed6b52f04dcc,cmp_005,banner,mobile,ae4457a74ae44501,Android,Chrome,Mozilla/5.0 (Linux; Android 13; Pixel 6),JP,3G,funmedia.co,2025-04-14T20:37:42,121,1.23,3.98,,0.167,False,False,False
ce91bff0-1c5c-4e82-9d74-b067cd4f3947,cmp_015,video,desktop,60e8d88b5a334694,iOS,Edge,Mozilla/5.0 (Macintosh; Intel Mac OS X 12_5),DE,WiFi,example.com,2025-04-14T12:29:44,115,1.38,1.22,,0.173,False,False,False
460322a5-5ef3-4b55-b05f-d9d36b3e8163,cmp_016,native,desktop,f16a99c8e81b42b1,macOS,Firefox,Mozilla/5.0 (Linux; Android 13; Pixel 6),US,4G,shopnow.com,2025-04-14T16:01:48,116,1.31,2.97,2.38,0.103,True,False,False
a80d8c52-f73f-4d90-8330-fc3d2a0654f6,cmp_013,video,mobile,1fe5b98618f2451d,iOS,Edge,Mozilla/5.0 (Windows NT 10.0; Win64; x64),FR,3G,shopnow.com,2025-04-14T18:54:10,120,1.74,3.89,3.7,0.167,True,False,False
4d7eae29-c129-4e3f-bc0a-1a42d0b1da6c,cmp_007,native,desktop,6c5f602288aa40f3,Android,Firefox,Mozilla/5.0 (iPhone; CPU iPhone OS 16_0 like Mac OS X),FR,5G,funmedia.co,2025-04-14T01:33:23,135,0.33,3.52,,0.195,False,False,False
20951222-d3bb-4613-81ec-64460807d88f,cmp_008,native,mobile,58f9f37599394c8e,macOS,Chrome,Mozilla/5.0 (iPhone; CPU iPhone OS 16_0 like Mac OS X),AU,WiFi,example.com,2025-04-14T06:10:19,160,1.44,1.53,,0.089,False,False,False
48bc700b-2511-4d05-a2eb-d133ae295d81,cmp_003,banner,mobile,8b8e77f3a13c493d,macOS,Firefox,Mozilla/5.0 (Linux; Android 13; Pixel 6),JP,WiFi,funmedia.co,2025-04-14T13:29:35,177,1.66,2.59,,0.064,False,False,False
a83c548b-67ee-4ded-a7d5-fd5ff52bec3e,cmp_011,banner,mobile,89cbfa8b46574075,macOS,Edge,Mozilla/5.0 (Windows NT 10.0; Win64; x64),FR,WiFi,shopnow.com,2025-04-14T16:42:31,178,0.83,1.27,,0.173,False,False,False
4bb2c543-67ed-4957-b307-6259f6e5f5be,cmp_002,video,mobile,a5bde3693ddd433c,Windows,Chrome,Mozilla/5.0 (Macintosh; Intel Mac OS X 12_5),UK,WiFi,newsnet.org,2025-04-14T08:30:45,58,1.1,2.26,,0.097,False,False,False
50c07bda-6c8b-4a08-aeba-d6befaf3a2bd,cmp_020,banner,mobile,486bedb6f5214e4a,iOS,Firefox,Mozilla/5.0 (Windows NT 10.0; Win64; x64),DE,WiFi,sportsbuzz.io,2025-04-14T11:41:09,139,1.47,1.65,,0.154,False,False,False
f8e54995-e708-437a-8464-7b11ac1dded7,cmp_003,native,desktop,d777c75e63ff4f03,iOS,Chrome,Mozilla/5.0 (Linux; Android 13; Pixel 6),DE,5G,sportsbuzz.io,2025-04-14T01:04:15,97,1.82,3.5,,0.019,False,False,False
cfb8850b-65b2-4a65-adcd-39f371e3e193,cmp_006,banner,mobile,6b0fb0bd5d994103,iOS,Edge,Mozilla/5.0 (Linux; Android 13; Pixel 6),AU,WiFi,newsnet.org,2025-04-14T08:23:27,124,0.98,0.8,,0.058,False,False,False
4a861640-9c87-428e-84ac-58ef8a9babcc,cmp_003,video,tablet,002fa6def812465f,Windows,Firefox,Mozilla/5.0 (Linux; Android 13; Pixel 6),JP,WiFi,sportsbuzz.io,2025-04-14T07:00:57,186,0.58,2.18,1.77,0.171,True,False,False
aa2d0d4e-c988-4198-91cb-1ca10d5b2185,cmp_013,native,mobile,fe161b2b652f4ed2,iOS,Chrome,Mozilla/5.0 (iPhone; CPU iPhone OS 16_0 like Mac OS X),DE,WiFi,funmedia.co,2025-04-14T06:36:22,118,1.57,4.52,,0.054,False,False,False
c70d7f89-0890-43a7-b92d-a001d02b7e3a,cmp_002,video,desktop,a64a74cb7d72414a,macOS,Chrome,Mozilla/5.0 (iPhone; CPU iPhone OS 16_0 like Mac OS X),UK,WiFi,funmedia.co,2025-04-14T06:12:39,63,0.27,3.69,,0.066,False,False,False
be0975f2-de91-4764-acf0-30b5d3ee0763,cmp_006,native,desktop,0f5d96c058b84130,macOS,Firefox,Mozilla/5.0 (Windows NT 10.0; Win64; x64),BR,WiFi,funmedia.co,2025-04-14T04:08:50,112,0.37,4.82,,0.194,False,False,False
4ee2519d-01d2-464a-a376-4fa8768a3661,cmp_009,native,mobile,63eecec1b8764586,iOS,Edge,Mozilla/5.0 (iPhone; CPU iPhone OS 16_0 like Mac OS X),AU,4G,shopnow.com,2025-04-14T19:25:54,133,0.6,3.77,,0.082,False,False,False
0ca2bbd3-d242-4c9c-a9e8-9f41b91167ef,cmp_020,video,mobile,e6f57378ae14492f,iOS,Edge,Mozilla/5.0 (Windows NT 10.0; Win64; x64),JP,WiFi,newsnet.org,2025-04-14T10:43:14,110,1.9,0.78,,0.068,False,False,False
9efafd58-0201-45b2-b06f-7686705e299c,cmp_018,native,mobile,887b2f1a2bef4c02,Android,Edge,Mozilla/5.0 (Windows NT 10.0; Win64; x64),FR,WiFi,sportsbuzz.io,2025-04-14T13:06:15,149,1.27,4.19,,0.188,False,False,False
720e52d6-91fb-4a1e-bf29-330e7934968c,cmp_012,video,tablet,6c081875401c45e5,Windows,Chrome,Mozilla/5.0 (iPhone; CPU iPhone OS 16_0 like Mac OS X),BR,4G,shopnow.com,2025-04-14T18:13:28,126,0.96,4.26,,0.136,False,False,False
fdf8b8a5-6cee-4247-a746-2f39c5e2a7b9,cmp_003,video,mobile,f57204987ea24fd0,Android,Safari,Mozilla/5.0 (Linux; Android 13; Pixel 6),UK,WiFi,shopnow.com,2025-04-14T16:01:03,134,1.57,1.24,,0.16,False,False,False
6ba84a23-c1d3-4e33-9c2e-9cd98e36682f,cmp_006,banner,tablet,733c1173fbb24455,iOS,Safari,Mozilla/5.0 (Windows NT 10.0; Win64; x64),JP,2G,example.com,2025-04-14T16:17:54,125,0.43,1.69,,0.02,False,False,False
12a221a8-7811-4a63-bbff-4a427fe9f57e,cmp_015,video,mobile,6817e95649454bf1,Android,Chrome,Mozilla/5.0 (iPhone; CPU iPhone OS 16_0 like Mac OS X),BR,WiFi,shopnow.com,2025-04-14T14:47:04,99,1.35,4.55,,0.067,False,False,False
be0efd96-133d-41db-b061-7c16d96114c3,cmp_015,video,mobile,0601a5d76b644e86,iOS,Firefox,Mozilla/5.0 (Macintosh; Intel Mac OS X 12_5),CA,WiFi,example.com,2025-04-14T00:30:54,142,1.14,3.2,,0.072,False,False,False
d8062296-6dd8-4e07-b5e4-33f4f21fd8e2,cmp_014,native,mobile,8c93ab34e7da4d8c,Android,Edge,Mozilla/5.0 (Linux; Android 13; Pixel 6),CA,4G,sportsbuzz.io,2025-04-14T14:29:32,130,0.89,2.32,,0.028,False,False,False
e5351691-e205-41be-962b-15d87c0ea046,cmp_003,native,tablet,b20d7ffdf8f044ec,macOS,Chrome,Mozilla/5.0 (iPhone; CPU iPhone OS 16_0 like Mac OS X),CA,WiFi,example.com,2025-04-14T18:23:09,109,1.92,0.39,,0.117,False,False,False
bd4ce900-af30-48a1-b8e3-d26cfad41b49,cmp_010,native,tablet,bd1657aa81a242aa,Windows,Firefox,Mozilla/5.0 (iPhone; CPU iPhone OS 16_0 like Mac OS X),AU,3G,shopnow.com,2025-04-14T18:26:22,131,0.39,2.59,,0.102,False,False,False
0b9b3daf-01e3-49eb-ab93-c2d9e73aac7e,cmp_018,banner,desktop,69b3dd6849464625,iOS,Firefox,Mozilla/5.0 (Macintosh; Intel Mac OS X 12_5),IN,2G,shopnow.com,2025-04-14T09:35:23,113,0.77,4.62,4.11,0.044,True,False,False
46b1e1c7-ffc4-4332-a8bd-49ab9a5a6c72,cmp_015,native,mobile,bc8465cc45b245d1,Android,Firefox,Mozilla/5.0 (Macintosh; Intel Mac OS X 12_5),AU,4G,funmedia.co,2025-04-14T19:01:05,170,1.89,1.69,,0.123,False,False,False
6063bb64-c387-4abf-bd41-cadc9a600c20,cmp_015,native,mobile,a91122ee64274e9c,macOS,Edge,Mozilla/5.0 (Windows NT 10.0; Win64; x64),CA,4G,sportsbuzz.io,2025-04-14T21:09:10,128,0.31,1.79,,0.139,False,False,False
c654b11d-fc9c-4c87-ad10-73e5b9728d53,cmp_007,banner,mobile,4c0662b2006a4f44,Android,Safari,Mozilla/5.0 (iPhone; CPU iPhone OS 16_0 like Mac OS X),US,WiFi,funmedia.co,2025-04-14T14:19:02,155,0.33,1.52,,0.105,False,False,False
7befb722-7d5a-4706-a8b6-8277526a3aa9,cmp_013,banner,mobile,2c3e0a340f954620,macOS,Chrome,Mozilla/5.0 (iPhone; CPU iPhone OS 16_0 like Mac OS X),BR,5G,example.com,2025-04-14T03:34:45,143,0.87,2.2,,0.132,False,False,False
9a77967e-0c30-48e0-b83d-be57fe32bb42,cmp_014,native,mobile,f6edbe6c5f0041f4,Android,Edge,Mozilla/5.0 (iPhone; CPU iPhone OS 16_0 like Mac OS X),BR,WiFi,example.com,2025-04-14T11:20:10,132,0.85,2.67,,0.069,False,False,False
8eb5ddf9-79cd-47ee-ab52-74675f913351,cmp_012,native,desktop,6b065bdeccea45fd,Android,Safari,Mozilla/5.0 (Linux; Android 13; Pixel 6),JP,3G,funmedia.co,2025-04-14T09:10:04,119,1.54,0.85,,0.024,False,False,False
1b1c8602-31d4-42fc-8997-2290e6a36392,cmp_011,video,desktop,39054c2229304f21,macOS,Chrome,Mozilla/5.0 (Windows NT 10.0; Win64; x64),FR,5G,newsnet.org,2025-04-14T22:40:31,139,1.61,3.19,,0.122,False,False,False
0674a8eb-f6f0-4455-bae8-52d62598ef39,cmp_003,banner,mobile,2383fae443ec4776,macOS,Edge,Mozilla/5.0 (iPhone; CPU iPhone OS 16_0 like Mac OS X),DE,WiFi,shopnow.com,2025-04-14T02:29:28,167,1.83,0.3,,0.119,False,False,False
616956ac-9016-4046-8d78-6e88eb53b510,cmp_004,native,mobile,1cf697439bd740d8,iOS,Safari,Mozilla/5.0 (Macintosh; Intel Mac OS X 12_5),US,2G,funmedia.co,2025-04-14T05:38:30,106,1.98,3.57,,0.11,False,False,False
f93c137e-1de9-4e80-ae34-7e80babd838d,cmp_011,video,mobile,8b357fe8294b439c,Windows,Chrome,Mozilla/5.0 (iPhone; CPU iPhone OS 16_0 like Mac OS X),BR,5G,example.com,2025-04-14T10:58:18,103,1.93,4.27,3.09,0.125,True,False,False
74236743-d961-41d3-aa38-03f61b42fc4e,cmp_010,native,desktop,d7664c0c674241fa,macOS,Firefox,Mozilla/5.0 (iPhone; CPU iPhone OS 16_0 like Mac OS X),UK,WiFi,shopnow.com,2025-04-14T21:19:41,135,1.68,3.38,,0.15,False,False,False
b795f7fe-ab7a-4276-8cac-b4641d0ff971,cmp_010,video,mobile,d7c0eea095874620,Android,Firefox,Mozilla/5.0 (Windows NT 10.0; Win64; x64),US,WiFi,newsnet.org,2025-04-14T14:41:42,99,0.25,0.77,0.71,0.17,True,False,False
34a3c61e-3b5c-41e7-81a7-fd1937b99e98,cmp_005,video,desktop,55a668df2a3c461a,Android,Safari,Mozilla/5.0 (Macintosh; Intel Mac OS X 12_5),UK,WiFi,newsnet.org,2025-04-14T21:02:42,122,0.79,0.31,,0.147,False,False,False
8cdc2b8e-113d-4c0e-8102-cf2324217ce1,cmp_010,native,desktop,bc0dd00c2d8b4de8,Android,Firefox,Mozilla/5.0 (Linux; Android 13; Pixel 6),IN,WiFi,sportsbuzz.io,2025-04-14T23:39:18,91,1.58,3.87,,0.106,False,False,False
4000197d-18e1-4241-9653-f38ac8c93038,cmp_016,native,mobile,6275a9ceae004ed5,iOS,Chrome,Mozilla/5.0 (iPhone; CPU iPhone OS 16_0 like Mac OS X),DE,4G,funmedia.co,2025-04-14T04:12:51,106,0.62,3.84,3.18,0.182,True,False,False
095890f8-c608-4a03-8ef0-229481b6a685,cmp_013,video,tablet,2851d412d581426b,Windows,Safari,Mozilla/5.0 (iPhone; CPU iPhone OS 16_0 like Mac OS X),AU,4G,shopnow.com,2025-04-14T06:28:56,139,0.29,1.66,,0.146,False,False,False
4c10b8b0-960f-4ef0-8056-1d94e5bb94db,cmp_015,video,desktop,419fa5bb64014c9c,iOS,Chrome,Mozilla/5.0 (Macintosh; Intel Mac OS X 12_5),UK,2G,shopnow.com,2025-04-14T04:02:18,130,0.38,1.16,,0.189,False,False,False
72be937a-57f7-4b41-9ee6-2a34464a2527,cmp_014,banner,mobile,5f900367bc5448b2,macOS,Chrome,Mozilla/5.0 (Linux; Android 13; Pixel 6),US,3G,shopnow.com,2025-04-14T11:49:18,153,1.08,0.18,,0.056,False,False,False
791e0e74-f160-4c32-b733-a161d476976e,cmp_003,native,mobile,3d0d1c6c47524bef,Windows,Chrome,Mozilla/5.0 (Linux; Android 13; Pixel 6),AU,WiFi,shopnow.com,2025-04-14T04:27:00,97,1.59,2.77,2.64,0.106,True,True,False
64855267-44fb-48d4-9020-a61217fb88c2,cmp_004,video,desktop,0b4b5cc252844ad6,Windows,Safari,Mozilla/5.0 (Linux; Android 13; Pixel 6),BR,2G,shopnow.com,2025-04-14T10:47:01,67,1.58,0.96,,0.098,False,False,False
dc3aca5b-e241-49ea-8319-949d195e9864,cmp_010,banner,mobile,147599d3ccd143cd,iOS,Safari,Mozilla/5.0 (iPhone; CPU iPhone OS 16_0 like Mac OS X),FR,WiFi,newsnet.org,2025-04-14T18:40:11,104,0.69,1.65,,0.086,False,False,False
de65874c-5e70-4e80-bf39-ab85e50e55fe,cmp_011,native,mobile,12cfc5471b48419c,iOS,Firefox,Mozilla/5.0 (iPhone; CPU iPhone OS 16_0 like Mac OS X),BR,5G,funmedia.co,2025-04-14T13:02:48,94,0.74,4.79,,0.045,False,False,False
b224733a-595e-46d9-80f8-d78076cf5282,cmp_014,video,desktop,6149cb8665b94f31,Android,Firefox,Mozilla/5.0 (iPhone; CPU iPhone OS 16_0 like Mac OS X),AU,4G,shopnow.com,2025-04-14T10:51:33,139,1.36,0.49,,0.068,False,False,False
f2dde5d0-3643-4971-88a0-ca895e50acb3,cmp_012,native,mobile,db941f1faa614d25,macOS,Firefox,Mozilla/5.0 (iPhone; CPU iPhone OS 16_0 like Mac OS X),FR,WiFi,shopnow.com,2025-04-14T16:27:10,123,0.87,3.39,,0.107,False,False,False
05b49d70-7168-438b-b04f-330925e814a4,cmp_005,native,desktop,578e948b9a1a44eb,Android,Firefox,Mozilla/5.0 (iPhone; CPU iPhone OS 16_0 like Mac OS X),FR,4G,example.com,2025-04-14T04:01:09,110,0.16,4.75,,0.039,False,False,False
65531bd1-d719-4bf0-87c1-44d16bae0b22,cmp_013,banner,mobile,3e25cc5e0fea4f91,Windows,Safari,Mozilla/5.0 (Windows NT 10.0; Win64; x64),JP,WiFi,funmedia.co,2025-04-14T10:28:48,139,1.84,2.64,,0.032,False,False,False
9e31a2b6-9aba-4c31-a204-3ac8c4489a43,cmp_004,video,desktop,4a1b02a7f2f74b76,iOS,Edge,Mozilla/5.0 (Linux; Android 13; Pixel 6),FR,4G,newsnet.org,2025-04-14T18:13:39,123,1.99,3.6,,0.164,False,False,False
268f6814-6e17-47d3-8944-629bf8c12d1e,cmp_010,native,mobile,592d5f4cfd304dca,Android,Firefox,Mozilla/5.0 (Windows NT 10.0; Win64; x64),JP,5G,newsnet.org,2025-04-14T23:42:22,135,1.6,0.78,,0.015,False,False,False
57b916b9-7d5e-4e5d-80f4-a2d90649955c,cmp_010,native,mobile,30f7220fbdd5492f,macOS,Edge,Mozilla/5.0 (iPhone; CPU iPhone OS 16_0 like Mac OS X),CA,WiFi,sportsbuzz.io,2025-04-14T15:23:29,134,0.24,4.13,,0.195,False,False,False
b504a980-657b-4d5e-a954-74a8edf33674,cmp_005,video,mobile,03ec71dc17e84c56,iOS,Chrome,Mozilla/5.0 (Linux; Android 13; Pixel 6),JP,5G,sportsbuzz.io,2025-04-14T12:43:33,114,0.53,4.68,,0.19,False,False,False
2713806a-4394-4ea2-a359-4ea850e7a7fa,cmp_005,banner,desktop,2729a4b1d65d45af,iOS,Safari,Mozilla/5.0 (Windows NT 10.0; Win64; x64),JP,WiFi,funmedia.co,2025-04-14T07:05:16,137,0.43,2.95,,0.129,False,False,False
fce309b6-bfee-483e-bddf-c5a2d94d4f45,cmp_002,banner,desktop,0fbf45ed76484ddb,Windows,Safari,Mozilla/5.0 (iPhone; CPU iPhone OS 16_0 like Mac OS X),US,WiFi,shopnow.com,2025-04-14T09:59:36,83,1.29,2.54,,0.065,False,False,False
180bbf1a-b4e8-428c-91db-a672721c5a11,cmp_002,native,mobile,b176fa1a391d4cc6,macOS,Edge,Mozilla/5.0 (iPhone; CPU iPhone OS 16_0 like Mac OS X),FR,5G,newsnet.org,2025-04-14T13:51:51,141,1.25,1.1,,0.069,False,False,False
d01cd252-3298-44fc-9d33-158d235473f9,cmp_017,video,tablet,b059f148a9d444b3,iOS,Firefox,Mozilla/5.0 (Windows NT 10.0; Win64; x64),UK,4G,shopnow.com,2025-04-14T19:46:55,144,0.2,0.79,,0.19,False,False,False
4700148e-b081-44ed-8746-79340eb59616,cmp_006,banner,desktop,b491881f4020438b,macOS,Edge,Mozilla/5.0 (Linux; Android 13; Pixel 6),BR,WiFi,sportsbuzz.io,2025-04-14T11:55:57,143,0.27,2.54,,0.085,False,False,False
e40a830e-54ed-412c-b504-cec22e54a78d,cmp_010,banner,mobile,6ec59b00cc394b18,iOS,Chrome,Mozilla/5.0 (Macintosh; Intel Mac OS X 12_5),FR,5G,shopnow.com,2025-04-14T06:37:22,156,0.8,3.84,,0.086,False,False,False
fa04674a-08af-46d1-b0e7-47a60ace39d1,cmp_020,banner,mobile,aa940a9ed03d4ba2,iOS,Safari,Mozilla/5.0 (Windows NT 10.0; Win64; x64),FR,WiFi,shopnow.com,2025-04-14T05:35:18,87,1.61,2.03,,0.074,False,False,False
37e58a17-d9b5-4301-94d2-c331b8aaecb7,cmp_002,native,mobile,a214c41cf47341e2,Windows,Edge,Mozilla/5.0 (iPhone; CPU iPhone OS 16_0 like Mac OS X),US,5G,newsnet.org,2025-04-14T19:12:38,158,1.87,0.78,,0.071,False,False,False
fb4b4db4-314c-4b68-bc9a-d2ab88143a3c,cmp_019,video,mobile,9ae181420a2842c7,macOS,Chrome,Mozilla/5.0 (Macintosh; Intel Mac OS X 12_5),JP,4G,funmedia.co,2025-04-14T11:39:47,171,1.96,3.4,,0.121,False,False,False
4f608829-979f-4aff-adc0-9933b430c3a8,cmp_002,banner,mobile,4423e9a6d5fa48d5,macOS,Safari,Mozilla/5.0 (Linux; Android 13; Pixel 6),DE,5G,shopnow.com,2025-04-14T19:44:40,111,1.66,1.96,,0.056,False,False,False
ab11e0cb-21e3-4339-94c0-04135a0abbfb,cmp_007,video,mobile,87c99e26cdee4f62,macOS,Chrome,Mozilla/5.0 (Macintosh; Intel Mac OS X 12_5),UK,WiFi,sportsbuzz.io,2025-04-14T18:12:01,69,1.17,2.64,,0.2,False,False,False
779cc7a4-0d9c-465f-9e94-ea2a244ca393,cmp_020,native,mobile,6be77170843240fe,Android,Safari,Mozilla/5.0 (Windows NT 10.0; Win64; x64),BR,4G,sportsbuzz.io,2025-04-14T10:11:29,99,1.57,4.91,,0.144,False,False,False
11cf2e9c-3efb-4d84-85d9-8d21d7987b96,cmp_004,native,tablet,9462fe41a92541fe,macOS,Edge,Mozilla/5.0 (Windows NT 10.0; Win64; x64),DE,WiFi,shopnow.com,2025-04-14T13:30:22,188,1.63,4.78,,0.065,False,False,False
5e16ab0c-0824-465c-afaa-1dca88ba38f9,cmp_007,video,desktop,43594b13face445f,Windows,Firefox,Mozilla/5.0 (Linux; Android 13; Pixel 6),FR,3G,shopnow.com,2025-04-14T18:22:59,90,1.37,1.29,,0.111,False,False,False
f430bcc8-1ecb-4096-b845-01470f937889,cmp_005,video,mobile,878346bc129a48c9,Android,Edge,Mozilla/5.0 (iPhone; CPU iPhone OS 16_0 like Mac OS X),FR,WiFi,example.com,2025-04-14T17:03:06,93,1.0,4.42,,0.134,False,False,False
572b8ea6-2dd5-4348-8697-a5834214ea12,cmp_018,banner,tablet,0a387bacd7cf46c6,Android,Edge,Mozilla/5.0 (Linux; Android 13; Pixel 6),CA,WiFi,example.com,2025-04-14T08:18:41,150,0.85,4.99,,0.104,False,False,False
21f9a190-0703-4c91-8a5d-b05cec26e28b,cmp_010,banner,mobile,983df794fc844c3e,macOS,Safari,Mozilla/5.0 (Windows NT 10.0; Win64; x64),CA,WiFi,sportsbuzz.io,2025-04-14T22:59:18,180,0.47,2.39,1.99,0.031,True,False,False
8b4f12ca-c562-4052-910d-580727ec4648,cmp_020,video,mobile,472abff5e6554a72,macOS,Firefox,Mozilla/5.0 (Linux; Android 13; Pixel 6),IN,3G,sportsbuzz.io,2025-04-14T05:47:21,111,0.71,0.79,,0.057,False,False,False
8e88d9cd-24ad-448d-a044-ff67edc605c5,cmp_012,video,mobile,8790365067164e91,iOS,Chrome,Mozilla/5.0 (Windows NT 10.0; Win64; x64),US,5G,newsnet.org,2025-04-14T06:48:17,103,1.4,0.88,,0.185,False,False,False
2fd678d0-37ad-42d0-8285-27b7617c6d61,cmp_020,native,mobile,04f05733d3c24f07,Android,Safari,Mozilla/5.0 (Windows NT 10.0; Win64; x64),DE,5G,newsnet.org,2025-04-14T21:49:19,34,1.43,1.93,,0.183,False,False,False
10581d38-75f7-4ccc-ba2e-e2d8443cca3e,cmp_017,banner,desktop,735e505d5d5845b9,iOS,Chrome,Mozilla/5.0 (Macintosh; Intel Mac OS X 12_5),CA,3G,funmedia.co,2025-04-14T20:52:13,145,1.06,2.78,2.21,0.119,True,False,False
a2523010-7fab-4ed3-8158-9358f619a956,cmp_002,native,mobile,09747456c92a426b,Android,Edge,Mozilla/5.0 (Macintosh; Intel Mac OS X 12_5),JP,5G,sportsbuzz.io,2025-04-14T03:13:45,151,1.47,4.05,,0.085,False,False,False
b096901a-dc16-4d3d-876e-24c9bc2ba5b5,cmp_003,banner,mobile,1a13e6149c4d4703,iOS,Firefox,Mozilla/5.0 (iPhone; CPU iPhone OS 16_0 like Mac OS X),CA,4G,sportsbuzz.io,2025-04-14T19:37:04,132,1.56,3.87,,0.196,False,False,False
73bfd160-f83a-49a5-a0b9-414217d6f056,cmp_003,video,desktop,17420caa483042f8,Android,Firefox,Mozilla/5.0 (Macintosh; Intel Mac OS X 12_5),AU,3G,shopnow.com,2025-04-14T11:57:24,150,1.96,0.72,,0.169,False,False,False
15a923a7-19d7-4729-877a-d4c9371f0322,cmp_008,native,desktop,4f0f50050ff34f70,macOS,Firefox,Mozilla/5.0 (Macintosh; Intel Mac OS X 12_5),AU,3G,newsnet.org,2025-04-14T19:19:29,119,1.76,1.02,,0.155,False,False,False
89bfc157-c08f-4bf6-9ce9-7c5e692a277a,cmp_007,native,desktop,dddffb581f2e4e95,iOS,Chrome,Mozilla/5.0 (Linux; Android 13; Pixel 6),US,5G,example.com,2025-04-14T00:42:26,91,0.18,1.3,,0.093,False,False,False
759318e2-fa27-4c38-acc1-ef66c62753d1,cmp_019,banner,mobile,f739d515676549e5,Windows,Safari,Mozilla/5.0 (Linux; Android 13; Pixel 6),DE,4G,funmedia.co,2025-04-14T19:49:03,66,1.35,0.8,,0.052,False,False,False
8a8bfa0c-6a7a-463a-bd47-612e2f9ff11d,cmp_018,native,desktop,a3e55cbc97bf4949,iOS,Firefox,Mozilla/5.0 (Macintosh; Intel Mac OS X 12_5),UK,WiFi,sportsbuzz.io,2025-04-14T08:03:35,95,0.89,1.66,,0.038,False,False,False
b5fa78d4-ece1-48cf-80b1-732a3a375665,cmp_002,banner,mobile,9d649338ebd3461f,macOS,Edge,Mozilla/5.0 (Macintosh; Intel Mac OS X 12_5),UK,5G,shopnow.com,2025-04-14T19:30:15,74,0.56,0.76,,0.049,False,False,False
3b6708ff-7666-465f-8846-ee431120a41c,cmp_009,banner,mobile,d567d26d64854731,iOS,Chrome,Mozilla/5.0 (iPhone; CPU iPhone OS 16_0 like Mac OS X),IN,4G,sportsbuzz.io,2025-04-14T21:54:23,124,1.01,2.84,,0.175,False,False,False
022c2ab2-5b44-4e95-af70-2db73e6c7263,cmp_008,banner,tablet,6a6c518674b64dac,Android,Edge,Mozilla/5.0 (Macintosh; Intel Mac OS X 12_5),CA,WiFi,shopnow.com,2025-04-14T22:00:13,72,1.57,2.81,,0.082,False,False,False
a9dce0ad-24d5-49a9-86d6-026c39f8ba71,cmp_016,native,desktop,b4210bdfae83496c,Android,Firefox,Mozilla/5.0 (iPhone; CPU iPhone OS 16_0 like Mac OS X),FR,4G,funmedia.co,2025-04-14T10:16:23,177,0.13,3.73,,0.115,False,False,False
c1870abe-840d-4be8-a4db-a794e020df57,cmp_016,banner,mobile,abf471c022bc4f74,Windows,Firefox,Mozilla/5.0 (Linux; Android 13; Pixel 6),AU,WiFi,shopnow.com,2025-04-14T19:18:09,137,1.47,2.49,,0.151,False,False,False
026dedce-3fa6-4d92-94d4-79ceb0a4e866,cmp_018,banner,desktop,fd6cf4360be0428d,iOS,Chrome,Mozilla/5.0 (Linux; Android 13; Pixel 6),FR,WiFi,example.com,2025-04-14T19:22:10,95,1.7,2.12,,0.054,False,False,False
71cd10c5-c6ce-48d9-84c4-f0786159c27d,cmp_001,video,mobile,1b6ce9c4ea524455,macOS,Chrome,Mozilla/5.0 (Macintosh; Intel Mac OS X 12_5),FR,2G,example.com,2025-04-14T00:32:29,76,1.12,3.64,,0.064,False,False,False
7ebe560e-88fd-47b3-86c9-9e1972fb9bf8,cmp_008,banner,mobile,c803797f28604b1c,Windows,Firefox,Mozilla/5.0 (Linux; Android 13; Pixel 6),CA,4G,newsnet.org,2025-04-14T18:27:51,97,1.17,2.09,1.88,0.198,True,False,False
240b75ba-f3fb-4b60-b42b-a45aae72802e,cmp_018,banner,mobile,d549f64161e04617,iOS,Chrome,Mozilla/5.0 (Macintosh; Intel Mac OS X 12_5),AU,WiFi,sportsbuzz.io,2025-04-14T18:54:41,137,1.71,0.51,,0.133,False,False,False
a78c71eb-53d4-4451-9eab-8ae8c94c57be,cmp_019,native,tablet,5ad15be6bed74e24,Windows,Chrome,Mozilla/5.0 (Linux; Android 13; Pixel 6),IN,WiFi,sportsbuzz.io,2025-04-14T09:54:06,110,1.35,2.76,,0.044,False,False,False
bfd6dca9-e1a0-4c4d-92ec-5698960c38fb,cmp_010,banner,desktop,677d2fd121df424f,Android,Edge,Mozilla/5.0 (iPhone; CPU iPhone OS 16_0 like Mac OS X),AU,WiFi,newsnet.org,2025-04-14T00:13:37,98,0.83,2.75,,0.151,False,False,False
1445f1a4-0909-4451-9372-bf80cdef2a62,cmp_014,native,tablet,a6a5e226746e4226,iOS,Firefox,Mozilla/5.0 (iPhone; CPU iPhone OS 16_0 like Mac OS X),US,WiFi,newsnet.org,2025-04-14T18:05:32,90,0.72,4.85,,0.13,False,False,False
fd0a184b-7a1e-435d-956a-b4119ee28a23,cmp_019,native,tablet,22f0c5c8881d4f5b,iOS,Firefox,Mozilla/5.0 (Linux; Android 13; Pixel 6),AU,WiFi,sportsbuzz.io,2025-04-14T12:14:22,94,0.26,3.59,,0.039,False,False,False
f7b3cc72-a16a-4b02-b4bc-e72177e79bc9,cmp_010,video,mobile,81e402acc3aa4b2e,Windows,Firefox,Mozilla/5.0 (iPhone; CPU iPhone OS 16_0 like Mac OS X),CA,3G,sportsbuzz.io,2025-04-14T17:47:24,147,1.07,2.83,2.44,0.03,True,False,False
cbd72e43-7a51-45d8-a2ff-5ae68a6e6ba8,cmp_018,banner,mobile,0990d38c3073488b,Android,Edge,Mozilla/5.0 (iPhone; CPU iPhone OS 16_0 like Mac OS X),AU,4G,newsnet.org,2025-04-14T19:55:24,137,0.61,1.42,1.11,0.038,True,False,False
665c4d65-5866-42db-84dc-2bf28789de38,cmp_015,banner,desktop,2be3a31648a54594,Android,Firefox,Mozilla/5.0 (Linux; Android 13; Pixel 6),FR,2G,example.com,2025-04-14T19:23:16,74,1.74,1.96,,0.094,False,False,False
109a5f9e-7afe-4542-9a4b-03c8c3212fce,cmp_011,banner,mobile,f2e4d662c8b442b1,macOS,Firefox,Mozilla/5.0 (Macintosh; Intel Mac OS X 12_5),IN,4G,newsnet.org,2025-04-14T20:41:38,155,1.03,3.51,2.84,0.119,True,False,False
539c5f20-4d5e-4e7e-b83e-b481a96c7f6b,cmp_018,native,mobile,f9a93f657cf94fb9,macOS,Safari,Mozilla/5.0 (Linux; Android 13; Pixel 6),JP,5G,example.com,2025-04-14T11:07:59,108,1.61,4.11,,0.088,False,False,False
afa7db7a-85a7-4641-b655-ad83788c12f9,cmp_003,native,mobile,a9d270a357f740df,macOS,Edge,Mozilla/5.0 (Macintosh; Intel Mac OS X 12_5),AU,5G,sportsbuzz.io,2025-04-14T17:15:16,165,1.75,4.63,4.54,0.089,True,False,False
d080a66e-652f-45c9-80a5-b8f25af8a319,cmp_006,banner,mobile,18a4380476a24a4d,iOS,Edge,Mozilla/5.0 (Windows NT 10.0; Win64; x64),IN,WiFi,shopnow.com,2025-04-14T20:38:40,94,0.29,0.62,,0.052,False,False,False
82c5596b-0bf1-4c13-8ef2-80ab1b167215,cmp_019,banner,mobile,fd2f440c99404611,Android,Firefox,Mozilla/5.0 (Macintosh; Intel Mac OS X 12_5),AU,WiFi,shopnow.com,2025-04-14T15:44:36,167,0.66,2.47,2.32,0.185,True,False,False
a4524434-f69d-4307-9b1a-b8745b68575c,cmp_004,banner,mobile,f98b8c7eab5141ad,macOS,Firefox,Mozilla/5.0 (Macintosh; Intel Mac OS X 12_5),BR,3G,sportsbuzz.io,2025-04-14T09:21:29,165,0.75,0.21,,0.031,False,False,False
ca8cef22-52ca-44cd-b8b7-cd588b29648b,cmp_011,banner,mobile,9a88f926d6d945e5,macOS,Edge,Mozilla/5.0 (Linux; Android 13; Pixel 6),JP,4G,shopnow.com,2025-04-14T20:59:47,133,0.45,2.08,,0.132,False,False,False
efadbee8-2bc4-4005-ac15-f616b42b7446,cmp_001,banner,mobile,b4451ff343504a7e,Android,Firefox,Mozilla/5.0 (Macintosh; Intel Mac OS X 12_5),AU,WiFi,newsnet.org,2025-04-14T00:39:56,124,1.76,0.6,,0.046,False,False,False
6641d1a8-7908-48e7-8a42-a6e54691b15a,cmp_020,video,desktop,ea9b81a3e0c047c1,macOS,Chrome,Mozilla/5.0 (Windows NT 10.0; Win64; x64),FR,4G,sportsbuzz.io,2025-04-14T09:29:07,110,1.27,4.24,,0.165,False,False,False
1a65a51b-0146-4fe0-98ca-5cda3a89ce0a,cmp_008,banner,desktop,d3b3f4fced754973,iOS,Safari,Mozilla/5.0 (iPhone; CPU iPhone OS 16_0 like Mac OS X),BR,4G,funmedia.co,2025-04-14T08:39:37,139,1.19,3.02,,0.09,False,False,False
f4c2a26d-14dc-4c04-845d-15579704be10,cmp_005,banner,mobile,c2d6d8ff14234c30,Windows,Edge,Mozilla/5.0 (Windows NT 10.0; Win64; x64),FR,WiFi,newsnet.org,2025-04-14T15:58:41,143,1.91,4.34,3.52,0.102,True,False,False
02d35b16-55fc-4966-b4e7-239fb58fb904,cmp_006,video,mobile,9f20b483bf264850,iOS,Safari,Mozilla/5.0 (Macintosh; Intel Mac OS X 12_5),FR,4G,example.com,2025-04-14T18:26:43,114,0.97,0.92,,0.151,False,False,False
040791a2-996a-458f-bf02-df5e3062191f,cmp_018,banner,mobile,f1c932143d1c48b7,macOS,Safari,Mozilla/5.0 (Windows NT 10.0; Win64; x64),DE,WiFi,example.com,2025-04-14T19:35:32,157,1.68,0.6,,0.153,False,False,False
bd784569-4754-4ab8-ac8e-d01b42e2e909,cmp_004,video,mobile,b429aea5ada74941,Android,Firefox,Mozilla/5.0 (Macintosh; Intel Mac OS X 12_5),CA,WiFi,newsnet.org,2025-04-14T08:02:28,96,1.59,3.12,,0.165,False,False,False
18465e2d-37c0-408b-ac80-3ff825b3d92a,cmp_010,native,mobile,b5cc864a35404e20,Windows,Chrome,Mozilla/5.0 (Windows NT 10.0; Win64; x64),BR,3G,shopnow.com,2025-04-14T15:34:17,100,0.88,3.78,,0.021,False,False,False
a284b113-82ee-4386-a145-9cd03c786a27,cmp_013,banner,mobile,b0509975b0284d45,Android,Firefox,Mozilla/5.0 (Linux; Android 13; Pixel 6),BR,WiFi,sportsbuzz.io,2025-04-14T18:44:55,112,1.56,3.99,,0.087,False,False,False
bafa344f-02da-4a21-a3fa-102cd38d86a2,cmp_003,video,tablet,96b9871565b34e1a,Windows,Chrome,Mozilla/5.0 (iPhone; CPU iPhone OS 16_0 like Mac OS X),BR,WiFi,sportsbuzz.io,2025-04-14T18:56:23,128,1.94,2.05,,0.167,False,False,False
27bc75d4-55a5-481c-8361-da4706a46e27,cmp_002,native,mobile,168ac7db191b4deb,iOS,Edge,Mozilla/5.0 (Windows NT 10.0; Win64; x64),FR,2G,example.com,2025-04-14T09:18:21,136,1.98,2.34,,0.091,False,False,False
917d9f82-8e2c-4afc-95dd-8207b066f9c3,cmp_012,video,mobile,a6f9e5614f2f480b,iOS,Firefox,Mozilla/5.0 (iPhone; CPU iPhone OS 16_0 like Mac OS X),DE,WiFi,funmedia.co,2025-04-14T21:56:41,112,0.2,3.28,,0.129,False,False,False
69fe85ba-b96f-4ee5-aad1-76f4a219803d,cmp_016,banner,desktop,0a52fc5e7fd94187,Android,Safari,Mozilla/5.0 (Linux; Android 13; Pixel 6),US,5G,example.com,2025-04-14T19:27:41,116,0.33,1.78,,0.173,False,False,False
924c50c3-e396-4513-82f6-e15bd96c4a24,cmp_011,banner,desktop,6f559a5259004305,Windows,Safari,Mozilla/5.0 (iPhone; CPU iPhone OS 16_0 like Mac OS X),CA,4G,funmedia.co,2025-04-14T13:14:24,121,1.76,4.09,,0.132,False,False,False
6d219652-7fd6-496a-9d2f-22d0e8b4149d,cmp_007,native,desktop,252f6b30098744dc,macOS,Edge,Mozilla/5.0 (Windows NT 10.0; Win64; x64),FR,WiFi,newsnet.org,2025-04-14T01:36:00,132,1.22,3.79,,0.083,False,False,False
317dbfe9-e83f-4281-a094-96b0569a4688,cmp_001,video,desktop,bbc398b103b74c4f,Android,Safari,Mozilla/5.0 (Windows NT 10.0; Win64; x64),IN,WiFi,funmedia.co,2025-04-14T08:08:15,127,0.2,1.55,,0.181,False,False,False
307798dd-3055-487c-9917-8270d056d312,cmp_012,video,desktop,d3d542ad6fd14c7c,Android,Edge,Mozilla/5.0 (iPhone; CPU iPhone OS 16_0 like Mac OS X),CA,WiFi,funmedia.co,2025-04-14T13:07:15,94,1.55,3.45,,0.191,False,False,False
0694c3ed-160b-400f-91ef-3d46e4731ee1,cmp_017,video,mobile,06c68651f501417d,macOS,Edge,Mozilla/5.0 (Macintosh; Intel Mac OS X 12_5),US,WiFi,funmedia.co,2025-04-14T00:04:00,108,1.12,0.5,,0.127,False,False,False
8c1977e4-9975-4f6a-b081-67368ec63e3e,cmp_013,native,tablet,c80bad2c74324bcc,iOS,Firefox,Mozilla/5.0 (Windows NT 10.0; Win64; x64),UK,WiFi,shopnow.com,2025-04-14T07:19:05,113,0.26,0.38,,0.093,False,False,False
6a62dc2b-0a8f-4dea-84a8-a384a464b7cf,cmp_001,native,desktop,c4c453558d9f42b9,iOS,Safari,Mozilla/5.0 (iPhone; CPU iPhone OS 16_0 like Mac OS X),UK,5G,newsnet.org,2025-04-14T17:19:42,62,1.08,1.8,,0.166,False,False,False
d146a173-285f-4c84-8e88-2f8b01b1e478,cmp_011,video,desktop,10235675f70a4c8c,Windows,Chrome,Mozilla/5.0 (iPhone; CPU iPhone OS 16_0 like Mac OS X),CA,4G,sportsbuzz.io,2025-04-14T10:47:49,162,1.07,2.53,,0.021,False,False,False
f0d7c874-51fe-4ca9-adda-aa1a1527657f,cmp_017,banner,desktop,d07dee4c691846f8,iOS,Chrome,Mozilla/5.0 (Linux; Android 13; Pixel 6),CA,4G,example.com,2025-04-14T04:10:16,113,0.83,2.41,,0.039,False,False,False
606510e8-b54f-45b5-a769-b25c2b26c44a,cmp_011,native,desktop,8cde30eaece7485d,macOS,Firefox,Mozilla/5.0 (Linux; Android 13; Pixel 6),AU,4G,newsnet.org,2025-04-14T21:35:51,146,1.81,2.56,,0.044,False,False,False
b8c95564-bde3-4636-a193-5cbe3d04c1b5,cmp_003,video,desktop,3854271ae6b04171,macOS,Chrome,Mozilla/5.0 (Windows NT 10.0; Win64; x64),DE,4G,shopnow.com,2025-04-14T23:25:04,134,1.59,1.53,,0.151,False,False,False
2efceabc-7a8c-4008-b5e7-5648a54f6df3,cmp_005,video,tablet,038f5c88849a4f9b,macOS,Chrome,Mozilla/5.0 (Linux; Android 13; Pixel 6),IN,4G,example.com,2025-04-14T06:23:37,87,1.91,4.4,,0.01,False,False,False
ff91080c-5b73-4bac-a4e1-82d31402ab52,cmp_016,banner,mobile,5ed4863acd184fed,Android,Firefox,Mozilla/5.0 (Macintosh; Intel Mac OS X 12_5),IN,3G,example.com,2025-04-14T20:46:19,167,1.8,4.61,,0.109,False,False,False
e64e0ce7-99cd-47f7-934d-51937cd883bb,cmp_003,native,mobile,8b1fcfbcec264b26,iOS,Edge,Mozilla/5.0 (Macintosh; Intel Mac OS X 12_5),UK,WiFi,shopnow.com,2025-04-14T10:47:05,137,1.86,4.27,,0.085,False,False,False
b7c44c34-d593-4607-b362-a2e25b9d5124,cmp_019,banner,mobile,d830b4cca4ef4fbf,Android,Chrome,Mozilla/5.0 (Linux; Android 13; Pixel 6),IN,4G,example.com,2025-04-14T09:28:17,138,0.87,2.38,,0.112,False,False,False
2563e0b7-aca2-49f4-8fc1-3ca44adadda0,cmp_010,video,desktop,80ec5a1094e142db,iOS,Safari,Mozilla/5.0 (Linux; Android 13; Pixel 6),CA,WiFi,shopnow.com,2025-04-14T05:19:29,114,0.78,1.32,,0.108,False,False,False
05892d5b-9f16-453b-9cdc-3087113a6709,cmp_004,video,desktop,b6f6f7b5b74242ec,iOS,Safari,Mozilla/5.0 (Linux; Android 13; Pixel 6),JP,3G,sportsbuzz.io,2025-04-14T07:11:01,132,1.58,0.4,,0.052,False,False,False
b5d8066b-a8dd-4428-b1f6-8cb7bbbd482a,cmp_003,native,desktop,c644867413844532,iOS,Safari,Mozilla/5.0 (Windows NT 10.0; Win64; x64),CA,WiFi,example.com,2025-04-14T05:25:23,105,1.68,4.53,3.78,0.073,True,False,False
c4540486-c7b1-433c-8f8e-74b8e72fe52e,cmp_006,video,mobile,d0e7ea2b0fdd4e8a,Android,Safari,Mozilla/5.0 (Macintosh; Intel Mac OS X 12_5),AU,4G,funmedia.co,2025-04-14T16:52:46,125,0.38,2.29,,0.127,False,False,False
76845e4f-3024-42c5-b049-70ba363b0a56,cmp_013,native,mobile,535d30d3beba4fb1,macOS,Safari,Mozilla/5.0 (Windows NT 10.0; Win64; x64),CA,WiFi,newsnet.org,2025-04-14T18:31:26,127,1.13,4.97,,0.014,False,False,False
2a8146dc-fb9c-4bae-961f-a3975f7522c3,cmp_013,video,mobile,ae75424923a144a7,Android,Chrome,Mozilla/5.0 (Windows NT 10.0; Win64; x64),JP,4G,funmedia.co,2025-04-14T18:30:34,98,1.8,1.17,,0.158,False,False,False
aee9b7a6-c216-45ff-8ff3-22b8bfdc02d7,cmp_004,video,desktop,096cbb6a627e4deb,Android,Firefox,Mozilla/5.0 (Linux; Android 13; Pixel 6),IN,5G,newsnet.org,2025-04-14T01:30:33,133,1.9,3.84,,0.119,False,False,False
c1af076b-3912-42d6-880a-e1516b362620,cmp_019,banner,mobile,0843137907af400d,Windows,Safari,Mozilla/5.0 (Windows NT 10.0; Win64; x64),BR,5G,example.com,2025-04-14T10:59:53,73,1.98,1.02,,0.178,False,False,False
a8a855f7-ac06-402a-aca6-36cf2cab3a65,cmp_020,video,mobile,107b35ce11424d31,iOS,Edge,Mozilla/5.0 (Linux; Android 13; Pixel 6),US,2G,newsnet.org,2025-04-14T13:19:11,138,1.46,0.74,,0.185,False,False,False
523b63ff-001b-41d8-b91d-1ea65a17e3a2,cmp_017,banner,mobile,18ad884f7c184989,iOS,Firefox,Mozilla/5.0 (iPhone; CPU iPhone OS 16_0 like Mac OS X),UK,WiFi,funmedia.co,2025-04-14T20:20:03,110,1.21,3.34,,0.074,False,False,False
44d396a0-8d06-4d48-8085-69267c6c203f,cmp_018,native,tablet,75022b46558e4c20,Windows,Safari,Mozilla/5.0 (Linux; Android 13; Pixel 6),BR,WiFi,shopnow.com,2025-04-14T23:46:27,132,0.66,3.7,3.34,0.044,True,False,False
fc0f4845-d6c0-436a-8614-b1ab59fcb5a3,cmp_019,banner,mobile,dd2a21e32ca24672,macOS,Safari,Mozilla/5.0 (Linux; Android 13; Pixel 6),BR,4G,example.com,2025-04-14T20:49:36,93,0.76,0.48,,0.071,False,False,False
b1dadcab-e6d9-4051-b48e-f033d5c34e5f,cmp_001,native,desktop,1e191ba3af91495c,Android,Safari,Mozilla/5.0 (Macintosh; Intel Mac OS X 12_5),BR,WiFi,funmedia.co,2025-04-14T17:05:52,89,0.19,3.63,,0.093,False,False,False
defdf39a-7cbd-41bb-8cdd-58877a568295,cmp_016,video,mobile,e2b3a70d535041fc,Android,Safari,Mozilla/5.0 (iPhone; CPU iPhone OS 16_0 like Mac OS X),AU,5G,shopnow.com,2025-04-14T04:26:31,163,0.16,4.02,,0.014,False,False,False
a55eca60-12d7-4ab2-8bdd-de93847eb3ad,cmp_011,video,mobile,c090f9887d9a4fc8,macOS,Chrome,Mozilla/5.0 (iPhone; CPU iPhone OS 16_0 like Mac OS X),CA,5G,shopnow.com,2025-04-14T02:21:10,97,0.2,2.23,,0.073,False,False,False
e18d5a81-f991-41a9-bcce-f07d26134aad,cmp_008,native,mobile,ed8ef3d5ab4f44d0,iOS,Edge,Mozilla/5.0 (Windows NT 10.0; Win64; x64),DE,5G,example.com,2025-04-14T11:35:46,86,0.39,4.22,,0.079,False,False,False
d0bd945b-2ee5-4257-b220-a3576e27c206,cmp_007,native,mobile,a4ff81f2444746cb,Windows,Chrome,Mozilla/5.0 (iPhone; CPU iPhone OS 16_0 like Mac OS X),CA,5G,newsnet.org,2025-04-14T08:42:40,159,1.8,2.41,,0.06,False,False,False
a940c465-a8a2-477c-be3e-9f25c51b0d67,cmp_009,video,mobile,1abec8397d694acf,macOS,Firefox,Mozilla/5.0 (iPhone; CPU iPhone OS 16_0 like Mac OS X),FR,4G,sportsbuzz.io,2025-04-14T10:23:56,155,0.22,1.42,,0.153,False,False,False
609accb2-5d57-4117-b666-34d5455fbba5,cmp_013,native,mobile,5f4574c6737449f2,macOS,Edge,Mozilla/5.0 (iPhone; CPU iPhone OS 16_0 like Mac OS X),IN,5G,shopnow.com,2025-04-14T02:22:51,122,1.72,2.03,,0.017,False,False,False
05f09020-ae75-4fcb-888f-20916ac68203,cmp_006,native,mobile,41110eb7bca94c12,Android,Safari,Mozilla/5.0 (Linux; Android 13; Pixel 6),FR,2G,newsnet.org,2025-04-14T14:36:43,145,1.4,0.48,,0.048,False,False,False
38da86fe-ebd5-449e-8ed8-dc627f4aca28,cmp_013,native,mobile,a376831e4e2c482c,macOS,Firefox,Mozilla/5.0 (iPhone; CPU iPhone OS 16_0 like Mac OS X),CA,WiFi,shopnow.com,2025-04-14T20:09:53,54,1.43,0.16,,0.122,False,False,False
42968986-2102-47d7-9cbc-e8082c70642b,cmp_019,banner,mobile,5ccd1d1c74484eaa,Windows,Firefox,Mozilla/5.0 (iPhone; CPU iPhone OS 16_0 like Mac OS X),CA,WiFi,example.com,2025-04-14T19:07:26,112,1.34,1.39,,0.119,False,False,False
0a6c5b22-afd8-41de-a59f-7a7b6516f19a,cmp_013,native,desktop,e04b8151c692477b,Android,Chrome,Mozilla/5.0 (iPhone; CPU iPhone OS 16_0 like Mac OS X),AU,WiFi,funmedia.co,2025-04-14T04:25:09,176,1.65,0.2,,0.068,False,False,False
bb50fc42-e760-4d23-8b10-ce6d86186340,cmp_010,native,desktop,895b239753bc490a,Windows,Firefox,Mozilla/5.0 (Linux; Android 13; Pixel 6),IN,WiFi,sportsbuzz.io,2025-04-14T07:31:54,89,0.27,3.06,,0.094,False,False,False
3bdd1340-c0cb-4874-95d8-60cba8c2a296,cmp_003,native,desktop,9ecd454244784bb6,macOS,Safari,Mozilla/5.0 (Linux; Android 13; Pixel 6),US,WiFi,funmedia.co,2025-04-14T11:31:48,82,1.76,0.95,,0.048,False,False,False
6333a533-0428-4f89-bc06-63921a202208,cmp_012,banner,tablet,ca3bc094e8304a94,macOS,Chrome,Mozilla/5.0 (Windows NT 10.0; Win64; x64),IN,WiFi,sportsbuzz.io,2025-04-14T01:02:29,114,1.03,1.29,,0.095,False,False,False
98afb37e-37a6-47b8-8709-62b302d51b96,cmp_010,video,mobile,c4cf1a2f39f0497f,macOS,Chrome,Mozilla/5.0 (iPhone; CPU iPhone OS 16_0 like Mac OS X),DE,4G,example.com,2025-04-14T13:35:22,50,1.33,4.3,,0.139,False,False,False
7ba6c13f-0278-4a65-90a2-63714df106cf,cmp_020,native,mobile,5e6313c1ccac4adf,Android,Firefox,Mozilla/5.0 (Linux; Android 13; Pixel 6),UK,WiFi,example.com,2025-04-14T11:01:55,86,1.45,4.72,,0.145,False,False,False
7700c7ff-f48d-47d5-a0ef-2a8afe1f7d55,cmp_017,video,mobile,aff744435ea14a74,macOS,Chrome,Mozilla/5.0 (Windows NT 10.0; Win64; x64),FR,2G,shopnow.com,2025-04-14T21:54:22,198,1.17,4.21,,0.123,False,False,False
37da2b8c-b6b0-4527-b906-81e0b672e5fe,cmp_009,video,tablet,523a1c61e5924b74,Android,Safari,Mozilla/5.0 (Windows NT 10.0; Win64; x64),BR,5G,funmedia.co,2025-04-14T18:30:04,120,0.21,1.28,,0.173,False,False,False
c1935ca6-aefb-406a-843f-757960893624,cmp_009,banner,desktop,86ae00778a6d4c0c,macOS,Edge,Mozilla/5.0 (Windows NT 10.0; Win64; x64),FR,WiFi,sportsbuzz.io,2025-04-14T11:20:43,36,0.75,4.1,,0.146,False,False,False
badb54eb-bf43-4704-a502-34b1e42e3684,cmp_018,native,mobile,560342fc58f649c7,Windows,Chrome,Mozilla/5.0 (Linux; Android 13; Pixel 6),DE,5G,newsnet.org,2025-04-14T17:30:58,72,1.48,3.73,,0.116,False,False,False
6ec52b85-32c9-4a77-86ef-88fc461b99d6,cmp_010,native,mobile,8c07c4f7596941aa,Windows,Firefox,Mozilla/5.0 (Linux; Android 13; Pixel 6),BR,4G,sportsbuzz.io,2025-04-14T22:57:21,104,1.75,2.41,,0.121,False,False,False
4e34059f-b857-4290-b03b-8459cc649f92,cmp_014,native,mobile,ff0805a17d774555,Android,Safari,Mozilla/5.0 (Windows NT 10.0; Win64; x64),AU,WiFi,example.com,2025-04-14T01:56:12,176,1.98,1.78,,0.18,False,False,False
15f052bb-7d90-4466-96d0-0bdb79263a7a,cmp_011,native,mobile,f2364b11ae5d4ac0,Windows,Chrome,Mozilla/5.0 (Macintosh; Intel Mac OS X 12_5),CA,2G,newsnet.org,2025-04-14T23:09:20,113,1.55,0.93,,0.103,False,False,False
a42c1015-6105-4d27-9961-1eb55d88253d,cmp_014,native,mobile,ac3830a8bd5f4d05,macOS,Chrome,Mozilla/5.0 (Macintosh; Intel Mac OS X 12_5),AU,2G,sportsbuzz.io,2025-04-14T19:05:08,170,0.81,1.08,,0.013,False,False,False
d0ba096b-1553-4b0e-a118-c56be3abc513,cmp_012,native,mobile,afdac96d4ab84c9c,Android,Chrome,Mozilla/5.0 (Linux; Android 13; Pixel 6),IN,4G,funmedia.co,2025-04-14T20:12:01,105,0.67,4.14,,0.065,False,False,False
ff3e24f6-fa85-40d4-999a-5de7a30c1459,cmp_012,native,tablet,642091f7ef2a4409,Android,Edge,Mozilla/5.0 (Macintosh; Intel Mac OS X 12_5),BR,2G,newsnet.org,2025-04-14T16:21:27,110,1.97,1.2,,0.05,False,False,False
68ab7398-c10d-4cbf-8b84-e021bce0afa6,cmp_009,banner,mobile,a5ab6679b12f4673,iOS,Chrome,Mozilla/5.0 (Macintosh; Intel Mac OS X 12_5),US,WiFi,shopnow.com,2025-04-14T00:32:10,117,0.89,3.48,,0.082,False,False,False
34c50a23-54e4-4ad1-8df6-69e842963d06,cmp_014,native,desktop,cfe0584634b04f25,Windows,Safari,Mozilla/5.0 (Windows NT 10.0; Win64; x64),US,4G,example.com,2025-04-14T13:09:13,115,1.07,4.5,,0.127,False,False,False
6b0a4777-e56d-4c05-928e-a0499865610d,cmp_012,native,mobile,65f9cca85b514f71,Windows,Safari,Mozilla/5.0 (Linux; Android 13; Pixel 6),DE,2G,sportsbuzz.io,2025-04-14T19:31:12,100,0.73,4.67,,0.011,False,False,False
5cda2d08-6fc8-4a03-a587-65a33d11b486,cmp_004,native,mobile,9c4414bd3d854434,Android,Edge,Mozilla/5.0 (iPhone; CPU iPhone OS 16_0 like Mac OS X),CA,WiFi,funmedia.co,2025-04-14T21:53:36,120,0.98,1.55,1.1,0.029,True,False,False
246559df-d221-4ff6-9730-a8cb0c21b03c,cmp_005,native,mobile,445da51336bd47b8,Windows,Firefox,Mozilla/5.0 (iPhone; CPU iPhone OS 16_0 like Mac OS X),US,WiFi,newsnet.org,2025-04-14T20:20:27,143,0.81,3.69,3.01,0.075,True,False,False
9d9347fb-db86-4dc7-aee8-7ce519ec55c3,cmp_005,video,desktop,f3b7438542564c48,Android,Chrome,Mozilla/5.0 (iPhone; CPU iPhone OS 16_0 like Mac OS X),UK,4G,example.com,2025-04-14T20:44:54,113,1.62,2.99,2.42,0.139,True,False,False
3e9b2261-b07d-44e6-97fc-008548f240e3,cmp_016,native,tablet,a2817f08a3b54157,macOS,Edge,Mozilla/5.0 (Macintosh; Intel Mac OS X 12_5),UK,2G,example.com,2025-04-14T00:43:56,118,1.39,3.55,,0.156,False,False,False
1ad26acb-314b-40de-83e3-a4d10d25c5c8,cmp_008,video,mobile,4b549a9e79994604,Windows,Edge,Mozilla/5.0 (Macintosh; Intel Mac OS X 12_5),CA,3G,sportsbuzz.io,2025-04-14T15:42:55,146,1.79,4.15,4.03,0.126,True,False,False
ee9f530e-4933-4d6e-af21-08de8ebf4bc7,cmp_008,banner,mobile,4599c2fa7de4491a,Windows,Chrome,Mozilla/5.0 (Windows NT 10.0; Win64; x64),FR,5G,funmedia.co,2025-04-14T13:31:55,92,0.25,4.1,,0.094,False,False,False
35d4e425-bb6b-4850-a478-ffc878431d26,cmp_004,video,mobile,23474000a6844c8f,macOS,Chrome,Mozilla/5.0 (iPhone; CPU iPhone OS 16_0 like Mac OS X),FR,5G,sportsbuzz.io,2025-04-14T02:31:28,111,0.27,0.1,,0.125,False,False,False
3e3063a8-0f1c-4476-84da-03c534abda25,cmp_012,native,mobile,55c56246b6144039,Android,Edge,Mozilla/5.0 (Windows NT 10.0; Win64; x64),FR,4G,example.com,2025-04-14T17:19:56,124,0.79,3.61,3.22,0.096,True,True,False
767bc83c-2af8-4007-821f-d8f47388ebc4,cmp_006,native,mobile,6e8f03cf8afb4488,Android,Edge,Mozilla/5.0 (iPhone; CPU iPhone OS 16_0 like Mac OS X),CA,3G,sportsbuzz.io,2025-04-14T17:51:18,80,0.46,3.09,,0.187,False,False,False
b27f4ebd-a068-42a7-9bc9-29cd8d14062d,cmp_019,native,mobile,2103277b2e1d4dcf,macOS,Edge,Mozilla/5.0 (iPhone; CPU iPhone OS 16_0 like Mac OS X),AU,WiFi,example.com,2025-04-14T12:50:12,136,1.11,2.54,,0.019,False,False,False
dae89302-9a41-49ef-9c1d-d5e4019de7d6,cmp_005,native,desktop,3ea896362fca4187,macOS,Firefox,Mozilla/5.0 (Linux; Android 13; Pixel 6),UK,5G,example.com,2025-04-14T20:30:59,116,1.96,1.98,,0.184,False,False,False
ff344a72-3292-45c2-8c12-aa4941088792,cmp_020,video,desktop,5f9fa29e1ffd405f,Windows,Firefox,Mozilla/5.0 (Macintosh; Intel Mac OS X 12_5),UK,WiFi,shopnow.com,2025-04-14T07:21:18,159,1.29,1.08,,0.065,False,False,False
8850964e-4ad7-42cf-a91d-8b9fd46833ef,cmp_004,native,desktop,cb8141841ecb4002,macOS,Edge,Mozilla/5.0 (Windows NT 10.0; Win64; x64),UK,WiFi,funmedia.co,2025-04-14T09:43:08,103,1.11,4.48,,0.177,False,False,False
95fe8ab9-0ddb-4649-8d83-322858f4e87f,cmp_009,video,mobile,969a2797631a4d74,Windows,Firefox,Mozilla/5.0 (Linux; Android 13; Pixel 6),US,3G,newsnet.org,2025-04-14T00:06:01,169,1.13,1.1,,0.078,False,False,False
eb109f17-cc3f-44ba-9072-d8cd155edc1e,cmp_008,native,desktop,e947cb7970f24192,Windows,Chrome,Mozilla/5.0 (Macintosh; Intel Mac OS X 12_5),IN,WiFi,shopnow.com,2025-04-14T12:39:55,140,1.92,2.0,,0.195,False,False,False
79c39783-9f89-4629-a8cd-dc694e0a9d5e,cmp_012,video,mobile,b26920cbf26f49e6,Android,Safari,Mozilla/5.0 (Linux; Android 13; Pixel 6),FR,4G,shopnow.com,2025-04-14T15:00:47,140,0.43,1.02,,0.108,False,False,False
7fa7741b-369d-4611-9832-8a977630e2bf,cmp_011,banner,mobile,a5630ccb157445f2,Android,Chrome,Mozilla/5.0 (iPhone; CPU iPhone OS 16_0 like Mac OS X),DE,3G,sportsbuzz.io,2025-04-14T11:35:16,161,0.2,1.68,,0.187,False,False,False
d7cc7ebc-d37e-42b4-986e-298d8638a7e7,cmp_017,native,mobile,94bdabb63cd34b95,Android,Chrome,Mozilla/5.0 (Windows NT 10.0; Win64; x64),CA,WiFi,newsnet.org,2025-04-14T18:31:50,140,0.76,2.08,,0.178,False,False,False
5e299f2b-3911-4ec0-bbad-22275d512b97,cmp_004,native,mobile,f8c50527311e4916,macOS,Safari,Mozilla/5.0 (iPhone; CPU iPhone OS 16_0 like Mac OS X),JP,WiFi,funmedia.co,2025-04-14T09:18:13,152,1.28,3.11,,0.192,False,False,False
ba73a395-abe1-4b7f-b62e-fe65f7323f45,cmp_001,banner,mobile,6f0f8dea64e24f62,Windows,Edge,Mozilla/5.0 (Windows NT 10.0; Win64; x64),JP,5G,shopnow.com,2025-04-14T08:58:50,107,0.26,1.67,,0.028,False,False,False
40a6433b-22f4-4e9d-b0d6-0c61126cf5b2,cmp_004,native,mobile,ea7d34d39a7b40b9,macOS,Chrome,Mozilla/5.0 (Macintosh; Intel Mac OS X 12_5),IN,WiFi,newsnet.org,2025-04-14T19:34:00,162,0.97,0.85,,0.073,False,False,False
eff9594b-2db6-4b05-bbb4-739867f51b5b,cmp_014,video,mobile,ec239d7f951443ba,macOS,Edge,Mozilla/5.0 (Windows NT 10.0; Win64; x64),IN,5G,sportsbuzz.io,2025-04-14T02:03:11,165,1.32,2.72,,0.127,False,False,False
96cc147d-5220-47ee-a294-88d1dd4ab899,cmp_010,banner,mobile,bfc976d8ed9245d4,iOS,Firefox,Mozilla/5.0 (iPhone; CPU iPhone OS 16_0 like Mac OS X),JP,WiFi,funmedia.co,2025-04-14T16:44:54,125,0.85,2.24,,0.136,False,False,False
ed07f66f-4869-426a-b7f7-40db3e4482dc,cmp_005,video,desktop,69ea45a7cb1445e8,Windows,Chrome,Mozilla/5.0 (Windows NT 10.0; Win64; x64),JP,5G,funmedia.co,2025-04-14T14:08:47,106,1.23,0.12,,0.112,False,False,False
8eb7305f-a299-47ee-94e7-7f381812ae89,cmp_014,native,desktop,73fc181b436e42e3,Android,Safari,Mozilla/5.0 (Linux; Android 13; Pixel 6),BR,4G,shopnow.com,2025-04-14T22:19:13,115,0.58,3.12,,0.032,False,False,False
2121004e-f567-4afb-89b9-e94e7003861a,cmp_010,native,mobile,0f6309425ea74f09,Windows,Chrome,Mozilla/5.0 (iPhone; CPU iPhone OS 16_0 like Mac OS X),JP,4G,example.com,2025-04-14T15:03:54,55,1.38,1.85,,0.055,False,False,False
49103569-dd32-4ac4-a5bd-6e83965fe3b3,cmp_019,video,mobile,ae4aafe4635a4411,Windows,Firefox,Mozilla/5.0 (Linux; Android 13; Pixel 6),DE,WiFi,shopnow.com,2025-04-14T01:12:20,84,0.7,0.93,,0.159,False,False,False
af04c5d1-3a0d-4a5d-9f03-23c23a4f66a2,cmp_015,video,mobile,87cae6c0ce9f42eb,Windows,Firefox,Mozilla/5.0 (Macintosh; Intel Mac OS X 12_5),BR,5G,sportsbuzz.io,2025-04-14T17:17:53,153,0.63,0.5,,0.167,False,False,False
60012b5d-fa9d-4783-940b-6ba677b22e91,cmp_001,native,desktop,86835dd5a5a4402c,iOS,Edge,Mozilla/5.0 (iPhone; CPU iPhone OS 16_0 like Mac OS X),CA,WiFi,shopnow.com,2025-04-14T21:12:16,147,0.17,1.14,,0.06,False,False,False
0048278e-45c9-4ab5-80b8-0ed01b0e4d02,cmp_005,banner,mobile,303df39588f846ac,iOS,Edge,Mozilla/5.0 (Windows NT 10.0; Win64; x64),IN,4G,sportsbuzz.io,2025-04-14T15:41:49,142,1.97,4.82,,0.14,False,False,False
011d21a2-d6b3-48fe-a4f2-b20268ac07c0,cmp_012,native,tablet,3c18f97c337641c3,Android,Edge,Mozilla/5.0 (Macintosh; Intel Mac OS X 12_5),UK,4G,example.com,2025-04-14T03:10:11,121,0.54,1.4,,0.137,False,False,False
98618924-724d-4095-94bd-d3b9365a4cc1,cmp_004,video,desktop,85cbf3b26ea64608,Windows,Firefox,Mozilla/5.0 (Windows NT 10.0; Win64; x64),US,5G,shopnow.com,2025-04-14T20:24:30,94,1.22,1.95,1.51,0.181,True,False,False
c10c3b8f-ea88-485b-90a9-97b45afc75af,cmp_017,video,mobile,5aae893993254c1c,macOS,Safari,Mozilla/5.0 (iPhone; CPU iPhone OS 16_0 like Mac OS X),FR,4G,newsnet.org,2025-04-14T06:25:22,108,0.63,2.62,2.29,0.039,True,False,False
2e206eb1-f4d8-4e12-9094-94bc24c4d7bc,cmp_016,video,desktop,f45e53a9e3434789,Android,Edge,Mozilla/5.0 (Macintosh; Intel Mac OS X 12_5),FR,2G,newsnet.org,2025-04-14T18:26:51,158,1.3,0.89,,0.017,False,False,False
7f30caea-7687-4d7a-b279-2709af6499cd,cmp_020,video,tablet,02b2d0a9e0274980,iOS,Firefox,Mozilla/5.0 (Macintosh; Intel Mac OS X 12_5),JP,WiFi,shopnow.com,2025-04-14T16:03:10,130,1.25,1.16,,0.1,False,False,False
cb2e5c8e-eeda-4bf4-8d6f-99f44f828d4b,cmp_006,video,desktop,4d9d26908ada4514,macOS,Chrome,Mozilla/5.0 (Windows NT 10.0; Win64; x64),UK,4G,funmedia.co,2025-04-14T13:14:53,109,1.73,1.09,,0.106,False,False,False
3f9de1b4-7062-4133-8301-f9415deeed96,cmp_003,banner,mobile,af4ad51a101f47ad,Android,Chrome,Mozilla/5.0 (iPhone; CPU iPhone OS 16_0 like Mac OS X),US,WiFi,sportsbuzz.io,2025-04-14T11:09:38,129,1.33,3.9,,0.109,False,False,False
8d02facf-0d7c-44c5-8917-b95595b5d929,cmp_012,banner,tablet,db9665575d284870,iOS,Edge,Mozilla/5.0 (Macintosh; Intel Mac OS X 12_5),FR,3G,shopnow.com,2025-04-14T01:33:27,98,0.64,4.31,,0.177,False,False,False
684503a1-1c34-4316-ab31-42e6629de163,cmp_013,banner,mobile,a1e06499f30d4420,Windows,Edge,Mozilla/5.0 (iPhone; CPU iPhone OS 16_0 like Mac OS X),CA,4G,newsnet.org,2025-04-14T05:45:47,123,1.34,0.86,,0.058,False,False,False
dca8dc72-b4e8-47b0-8494-7fe6f4f3d392,cmp_014,video,desktop,a8fc3372cad84459,macOS,Safari,Mozilla/5.0 (Linux; Android 13; Pixel 6),AU,4G,shopnow.com,2025-04-14T20:27:36,98,0.75,1.6,,0.144,False,False,False
fbafa264-a20e-4bb0-bb66-2378bb3774bf,cmp_007,native,mobile,1406b97068c942dd,macOS,Firefox,Mozilla/5.0 (iPhone; CPU iPhone OS 16_0 like Mac OS X),UK,WiFi,shopnow.com,2025-04-14T20:42:07,112,1.4,3.11,,0.02,False,False,False
41133992-2a40-41a7-b9ce-69ab15e40ff1,cmp_003,banner,mobile,1bf619a2774a4e5b,Android,Firefox,Mozilla/5.0 (iPhone; CPU iPhone OS 16_0 like Mac OS X),AU,3G,funmedia.co,2025-04-14T17:51:05,149,1.27,4.92,,0.109,False,False,False
dda1f07d-b488-4ac0-826c-ca9aefb458a8,cmp_007,banner,desktop,44d9189af7f34221,Windows,Safari,Mozilla/5.0 (iPhone; CPU iPhone OS 16_0 like Mac OS X),FR,2G,shopnow.com,2025-04-14T16:49:52,127,1.08,3.04,2.16,0.054,True,False,False
a43841f5-6aa8-40e1-bb32-3d840b95bcd2,cmp_013,video,desktop,8653eb4013ea4d5b,Android,Chrome,Mozilla/5.0 (Macintosh; Intel Mac OS X 12_5),BR,WiFi,shopnow.com,2025-04-14T00:10:05,132,1.68,1.49,,0.184,False,False,False
733d7836-8e4b-496b-a69c-2e1cb21ff27c,cmp_013,banner,desktop,8570d114c9714f6a,iOS,Firefox,Mozilla/5.0 (Macintosh; Intel Mac OS X 12_5),IN,4G,shopnow.com,2025-04-14T09:52:17,125,1.16,2.58,,0.106,False,False,False
08bfd139-d105-4c74-9ae1-5388a4bd5d31,cmp_013,native,desktop,5d1f2f64cc454fcb,macOS,Safari,Mozilla/5.0 (Macintosh; Intel Mac OS X 12_5),DE,WiFi,shopnow.com,2025-04-14T03:32:16,152,1.21,2.36,1.7,0.015,True,False,False
ea661373-82ac-4e4a-8377-27b74553ef8a,cmp_017,banner,desktop,2eb8d95b2df04551,iOS,Firefox,Mozilla/5.0 (Windows NT 10.0; Win64; x64),AU,4G,shopnow.com,2025-04-14T23:43:44,112,1.38,0.56,,0.166,False,False,False
4ee85c92-5ece-41c4-b55b-c459e98190ea,cmp_006,video,mobile,c085d6685a314a4f,macOS,Safari,Mozilla/5.0 (Windows NT 10.0; Win64; x64),IN,4G,newsnet.org,2025-04-14T02:59:11,121,1.69,1.22,,0.169,False,False,False
044be296-a194-4863-b2da-55709774d5e9,cmp_018,banner,tablet,8fc4a6a1859a4690,macOS,Firefox,Mozilla/5.0 (iPhone; CPU iPhone OS 16_0 like Mac OS X),FR,WiFi,example.com,2025-04-14T09:49:06,144,1.97,2.51,,0.18,False,False,False
e1a8c890-f8ff-4867-a6d1-30ca071e9c16,cmp_002,native,mobile,2cf3d90ea6804b26,macOS,Edge,Mozilla/5.0 (Linux; Android 13; Pixel 6),IN,WiFi,shopnow.com,2025-04-14T13:48:58,147,1.57,4.32,3.67,0.097,True,False,False
963b00b2-6034-4ea3-8524-8a93705ab65d,cmp_020,video,mobile,3f1d17ae1f3144e1,Android,Firefox,Mozilla/5.0 (Windows NT 10.0; Win64; x64),BR,4G,funmedia.co,2025-04-14T00:43:13,126,1.26,2.41,,0.08,False,False,False
9285fa16-9653-4569-9f0c-cde4b8b8fa04,cmp_015,video,mobile,9b5f31d9c5064180,Android,Safari,Mozilla/5.0 (Windows NT 10.0; Win64; x64),AU,WiFi,newsnet.org,2025-04-14T05:44:48,110,1.73,2.82,,0.047,False,False,False
95461f44-0caa-4147-9245-e45ebc0e9479,cmp_017,banner,mobile,c98179ecea994897,Windows,Edge,Mozilla/5.0 (Linux; Android 13; Pixel 6),FR,4G,shopnow.com,2025-04-14T19:30:51,67,1.18,2.85,,0.086,False,False,False
c674dc59-4ac4-45c4-9d17-a650bbf48ddd,cmp_011,video,desktop,1b30a7448a9d4670,Windows,Firefox,Mozilla/5.0 (Macintosh; Intel Mac OS X 12_5),CA,5G,funmedia.co,2025-04-14T01:52:16,141,0.33,0.2,,0.175,False,False,False
52b7bb01-5828-47ed-be47-4b7abba55f18,cmp_010,native,desktop,261c98e6d28b4bfe,Windows,Edge,Mozilla/5.0 (Linux; Android 13; Pixel 6),JP,WiFi,funmedia.co,2025-04-14T22:12:36,110,0.25,2.29,,0.127,False,False,False
cf489ee5-e9ac-4bee-a3e2-bf007b395fa3,cmp_020,native,desktop,e4a85345070a4f8e,macOS,Chrome,Mozilla/5.0 (Macintosh; Intel Mac OS X 12_5),BR,3G,shopnow.com,2025-04-14T22:55:10,106,1.45,3.3,,0.125,False,False,False
21d98c13-9ccc-4547-a0f2-0f45362edfe4,cmp_014,video,desktop,4071e54c1dbf4c4c,Android,Chrome,Mozilla/5.0 (Macintosh; Intel Mac OS X 12_5),JP,3G,newsnet.org,2025-04-14T21:49:55,142,0.58,1.25,,0.151,False,False,False
0ee04509-3a14-494f-8f7b-d37c4f183a15,cmp_001,banner,mobile,07ce225cbbb54abd,iOS,Chrome,Mozilla/5.0 (iPhone; CPU iPhone OS 16_0 like Mac OS X),FR,4G,sportsbuzz.io,2025-04-14T05:25:06,145,0.69,4.44,,0.057,False,False,False
4b92d9ab-34ef-4ed4-bad0-084d911baf96,cmp_016,banner,mobile,ddfc33cbf93647b2,Windows,Edge,Mozilla/5.0 (Windows NT 10.0; Win64; x64),BR,3G,sportsbuzz.io,2025-04-14T17:08:33,156,1.12,4.75,,0.122,False,False,False
c5d73203-26e0-4692-b180-696bb0314cf6,cmp_012,video,mobile,50957913b9084274,Android,Chrome,Mozilla/5.0 (Windows NT 10.0; Win64; x64),JP,5G,sportsbuzz.io,2025-04-14T19:56:36,105,0.1,1.59,,0.165,False,False,False
c06cea49-4109-4591-85dc-a2d8f59bfd27,cmp_010,banner,desktop,e4f60fccb82343a2,macOS,Firefox,Mozilla/5.0 (Macintosh; Intel Mac OS X 12_5),FR,WiFi,example.com,2025-04-14T09:30:34,137,1.14,4.0,,0.046,False,False,False
ce18520c-e7b8-4aa2-af93-96e2c6da7d09,cmp_008,native,desktop,c541b5a3b5184fb2,iOS,Edge,Mozilla/5.0 (Macintosh; Intel Mac OS X 12_5),AU,WiFi,funmedia.co,2025-04-14T12:15:10,66,1.42,3.1,,0.062,False,False,False
087290f9-e7e2-4d47-bfce-8a2b1a387eea,cmp_010,banner,desktop,611ed251453a4276,macOS,Edge,Mozilla/5.0 (Linux; Android 13; Pixel 6),UK,4G,example.com,2025-04-14T14:17:26,114,0.46,3.15,2.69,0.014,True,False,False
2eb79898-214a-4fe9-badc-91db3c414ef3,cmp_003,native,mobile,8c805e81f92a48a2,iOS,Edge,Mozilla/5.0 (Linux; Android 13; Pixel 6),US,4G,newsnet.org,2025-04-14T02:17:08,74,0.81,2.54,1.84,0.142,True,False,False
d5026351-97ee-4208-af39-b4538dfed1e7,cmp_007,video,mobile,cd0928f3ee4d44f5,macOS,Chrome,Mozilla/5.0 (Linux; Android 13; Pixel 6),FR,3G,funmedia.co,2025-04-14T04:17:49,145,0.57,3.86,,0.157,False,False,False
bec47473-1245-49cc-845d-92b56f035fb1,cmp_016,video,desktop,0120e2e163ef48d6,Windows,Firefox,Mozilla/5.0 (Linux; Android 13; Pixel 6),CA,4G,sportsbuzz.io,2025-04-14T19:02:12,113,0.33,2.79,,0.101,False,False,False
8dc34a38-4e80-44fa-aa16-3f5ac0fc3056,cmp_014,native,mobile,f8f6137e2f6746df,iOS,Safari,Mozilla/5.0 (Linux; Android 13; Pixel 6),CA,WiFi,funmedia.co,2025-04-14T10:03:55,71,0.85,2.97,,0.056,False,False,False
72e898a8-bac9-4ea6-9f06-83fe71193b0f,cmp_008,native,mobile,459542eb7d7c4716,macOS,Chrome,Mozilla/5.0 (iPhone; CPU iPhone OS 16_0 like Mac OS X),BR,WiFi,newsnet.org,2025-04-14T16:44:30,78,0.21,3.82,3.27,0.078,True,False,False
4479e779-07a1-485f-943a-493ecb1fbac5,cmp_001,native,desktop,fb8fad3e8d95406c,Windows,Safari,Mozilla/5.0 (Linux; Android 13; Pixel 6),FR,4G,sportsbuzz.io,2025-04-14T13:20:35,187,1.44,0.29,,0.116,False,False,False
9199ef67-45aa-4d97-86bc-e31665b62cde,cmp_015,native,mobile,7dec19a8b7b04ddc,Android,Chrome,Mozilla/5.0 (Windows NT 10.0; Win64; x64),BR,5G,funmedia.co,2025-04-14T15:31:12,67,0.96,2.75,,0.157,False,False,False
99459c23-255b-4968-80d3-5d3794ca1eb2,cmp_003,native,desktop,bb4639be2e23461e,macOS,Safari,Mozilla/5.0 (Windows NT 10.0; Win64; x64),IN,5G,shopnow.com,2025-04-14T19:56:01,137,1.15,2.54,,0.126,False,False,False
53ae3554-8f72-4880-a2f7-d929b4a426b2,cmp_006,native,desktop,6db721db60984db6,Android,Chrome,Mozilla/5.0 (Linux; Android 13; Pixel 6),US,5G,example.com,2025-04-14T17:07:06,152,1.35,4.2,,0.11,False,False,False
eb0d9062-046c-4a51-9c79-5aef4040b1ad,cmp_016,native,desktop,257e7ec6d03747a3,macOS,Chrome,Mozilla/5.0 (Linux; Android 13; Pixel 6),US,4G,example.com,2025-04-14T07:23:14,143,1.79,3.74,,0.166,False,False,False
ce31e177-5d66-4372-a4c9-ee38206c231b,cmp_003,native,mobile,6bc1f8d521bb40a9,iOS,Chrome,Mozilla/5.0 (Windows NT 10.0; Win64; x64),CA,WiFi,newsnet.org,2025-04-14T01:39:17,101,0.57,2.68,2.46,0.129,True,False,False
096bdc45-c194-48df-9fb8-eb2cf3986ea0,cmp_006,video,desktop,6b86cc8253f14861,macOS,Firefox,Mozilla/5.0 (iPhone; CPU iPhone OS 16_0 like Mac OS X),AU,WiFi,newsnet.org,2025-04-14T02:40:36,116,1.24,2.72,,0.187,False,False,False
7b9a464f-745f-41cf-bce5-ff3de9e0fa65,cmp_020,video,mobile,9d012252c8ad479f,Android,Edge,Mozilla/5.0 (Windows NT 10.0; Win64; x64),AU,WiFi,newsnet.org,2025-04-14T15:20:54,141,0.95,4.81,,0.085,False,False,False
52724d40-ab54-40ba-8253-936743b2aa17,cmp_010,native,mobile,8d03f42aad1649a3,Android,Firefox,Mozilla/5.0 (iPhone; CPU iPhone OS 16_0 like Mac OS X),DE,2G,newsnet.org,2025-04-14T23:38:01,110,1.41,4.13,,0.062,False,False,False
38821dc9-cf42-41d3-88fd-fd7eac85ba9d,cmp_005,banner,mobile,ff12d6a7b0cf4a7a,Windows,Firefox,Mozilla/5.0 (Windows NT 10.0; Win64; x64),FR,WiFi,newsnet.org,2025-04-14T15:59:36,120,1.18,1.57,1.13,0.118,True,False,False
8233e7af-ad0f-45a1-b408-0668770a0456,cmp_002,native,desktop,f2b0329cd85d4e01,macOS,Chrome,Mozilla/5.0 (Windows NT 10.0; Win64; x64),CA,WiFi,shopnow.com,2025-04-14T13:31:52,143,0.74,4.62,,0.177,False,False,False
f3af02b8-298d-43b5-89db-950a86967928,cmp_002,banner,desktop,bfbdd223bb55448b,iOS,Firefox,Mozilla/5.0 (Macintosh; Intel Mac OS X 12_5),US,5G,funmedia.co,2025-04-14T22:07:55,141,0.2,1.18,,0.149,False,False,False
db705e92-bb14-4444-9b43-59cd07301656,cmp_013,native,mobile,c30f55111ed541ee,Android,Firefox,Mozilla/5.0 (Windows NT 10.0; Win64; x64),AU,3G,newsnet.org,2025-04-14T12:38:36,149,0.19,2.9,2.45,0.086,True,False,False
b47fcfce-6b9b-47a0-953c-494b0a5d26b1,cmp_018,native,mobile,d1195ccdfc1b4a5b,Android,Safari,Mozilla/5.0 (Linux; Android 13; Pixel 6),AU,3G,shopnow.com,2025-04-14T03:08:30,124,0.27,4.63,,0.138,False,False,False
758de304-8a10-4191-a5ae-4df1451bccf2,cmp_012,native,desktop,a5640dd7ef334ac4,macOS,Safari,Mozilla/5.0 (Linux; Android 13; Pixel 6),DE,5G,shopnow.com,2025-04-14T09:20:22,94,0.54,4.63,4.22,0.14,True,True,False
bd5478b5-ca24-451f-a022-7cafa4b56510,cmp_011,banner,desktop,3892b138a81d42e3,Windows,Edge,Mozilla/5.0 (iPhone; CPU iPhone OS 16_0 like Mac OS X),DE,5G,example.com,2025-04-14T06:39:59,96,1.14,1.14,,0.153,False,False,False
0f7485dd-c9d9-4eb9-8ce4-3347a9448948,cmp_009,native,desktop,c2dfd4024f184d22,iOS,Firefox,Mozilla/5.0 (iPhone; CPU iPhone OS 16_0 like Mac OS X),AU,4G,newsnet.org,2025-04-14T17:09:44,163,0.62,3.51,,0.098,False,False,False
b123443e-d2f6-4334-bafa-09072242a478,cmp_001,native,desktop,19ef5b0c2a9a4865,macOS,Safari,Mozilla/5.0 (iPhone; CPU iPhone OS 16_0 like Mac OS X),BR,WiFi,funmedia.co,2025-04-14T01:42:17,73,1.02,4.53,3.43,0.123,True,False,False
1d577560-8cb7-4c10-8e9a-6b8635ee54bb,cmp_011,banner,mobile,13736c3f22544a8b,macOS,Safari,Mozilla/5.0 (Windows NT 10.0; Win64; x64),JP,2G,sportsbuzz.io,2025-04-14T15:45:01,117,0.78,3.45,,0.067,False,False,False
ed4c48f9-ea4b-4ebf-b20c-b841ee041ffb,cmp_018,banner,desktop,88f070e647a348ef,Android,Safari,Mozilla/5.0 (iPhone; CPU iPhone OS 16_0 like Mac OS X),AU,4G,funmedia.co,2025-04-14T23:17:51,107,1.09,3.68,,0.139,False,False,False
4bb9a26a-daa6-49e6-8e81-d3d24ae084d4,cmp_015,native,mobile,5659528279654472,Android,Safari,Mozilla/5.0 (Windows NT 10.0; Win64; x64),DE,WiFi,shopnow.com,2025-04-14T18:26:15,130,1.4,2.95,2.65,0.048,True,False,False
e60a0f0c-5485-4fb1-8847-8f98a464fbac,cmp_003,banner,desktop,4639fc9812244535,iOS,Safari,Mozilla/5.0 (Windows NT 10.0; Win64; x64),UK,4G,shopnow.com,2025-04-14T21:27:58,155,1.77,3.85,,0.089,False,False,False
d5e1a249-ae39-4912-95b6-058bc3e08a10,cmp_007,native,tablet,00837e8723334798,Android,Safari,Mozilla/5.0 (Linux; Android 13; Pixel 6),DE,2G,example.com,2025-04-14T12:59:52,87,1.27,4.93,,0.125,False,False,False
88384756-3625-4262-8837-059711b4a65e,cmp_017,banner,mobile,064a413e28e2490c,macOS,Firefox,Mozilla/5.0 (Linux; Android 13; Pixel 6),FR,4G,shopnow.com,2025-04-14T16:14:43,94,0.53,0.9,,0.088,False,False,False
fddd8a08-0fb3-4522-8426-4d7ad8d403e4,cmp_003,native,desktop,7c3280f0d6b54033,macOS,Edge,Mozilla/5.0 (Linux; Android 13; Pixel 6),IN,WiFi,newsnet.org,2025-04-14T21:26:14,142,1.79,4.35,,0.091,False,False,False
dc298c01-8aa9-42c7-9e60-0e27f2dd1e58,cmp_017,native,mobile,ad62ad61b8624692,macOS,Edge,Mozilla/5.0 (iPhone; CPU iPhone OS 16_0 like Mac OS X),JP,WiFi,example.com,2025-04-14T17:52:24,216,0.85,2.64,,0.15,False,False,False
7cc082d3-95c8-4b66-8cc0-90ff0a26d179,cmp_010,banner,mobile,7cb4cc28c17c4796,Android,Edge,Mozilla/5.0 (Windows NT 10.0; Win64; x64),AU,4G,sportsbuzz.io,2025-04-14T14:40:03,146,1.41,4.6,,0.182,False,False,False
76d01a71-1a70-492d-86a0-a5d6647c53e0,cmp_013,native,mobile,1573e3d26cfd4786,Windows,Edge,Mozilla/5.0 (Linux; Android 13; Pixel 6),JP,2G,sportsbuzz.io,2025-04-14T18:05:46,59,1.78,4.49,,0.027,False,False,False
0b7c6c64-7704-420a-ab0c-f176a5957d8f,cmp_004,banner,desktop,243d5c0871864029,Windows,Chrome,Mozilla/5.0 (iPhone; CPU iPhone OS 16_0 like Mac OS X),CA,5G,sportsbuzz.io,2025-04-14T18:45:50,138,1.6,1.98,,0.107,False,False,False
97238e3e-b06d-41ff-a6b3-b9c980f44f46,cmp_005,banner,tablet,119019ab248042a4,iOS,Edge,Mozilla/5.0 (Linux; Android 13; Pixel 6),UK,4G,newsnet.org,2025-04-14T10:24:02,111,0.44,1.52,,0.181,False,False,False
b41e5bb2-9b04-48bf-a81e-0343d8143caa,cmp_020,banner,mobile,4d85aee22e85435e,Android,Safari,Mozilla/5.0 (iPhone; CPU iPhone OS 16_0 like Mac OS X),FR,WiFi,sportsbuzz.io,2025-04-14T00:48:16,44,0.88,2.43,,0.025,False,False,False
07580d18-f7c3-415d-bf05-04c0470cf901,cmp_006,native,desktop,9611c8363db546da,iOS,Firefox,Mozilla/5.0 (iPhone; CPU iPhone OS 16_0 like Mac OS X),IN,2G,newsnet.org,2025-04-14T06:35:17,147,0.67,4.21,3.46,0.185,True,True,False
0513c6fa-0265-4950-bd43-d21bab6496e4,cmp_015,native,mobile,b239e25dba3545a5,Windows,Chrome,Mozilla/5.0 (Linux; Android 13; Pixel 6),JP,3G,shopnow.com,2025-04-14T17:44:44,85,0.8,1.57,1.29,0.082,True,False,False
31fe7979-f04c-4f0a-890f-9329c0f60c49,cmp_017,native,desktop,3a7d6b757b4e43af,Android,Chrome,Mozilla/5.0 (Macintosh; Intel Mac OS X 12_5),BR,3G,newsnet.org,2025-04-14T08:08:07,115,1.02,4.94,,0.141,False,False,False
94fafaa6-37c4-4a60-aee4-9e06208db9e0,cmp_005,native,desktop,39c9f00c02924740,macOS,Edge,Mozilla/5.0 (Windows NT 10.0; Win64; x64),DE,5G,shopnow.com,2025-04-14T23:18:27,78,1.26,0.98,,0.145,False,False,False
7174c316-6509-431e-9345-0e0a774f43b5,cmp_020,banner,mobile,244903da84564260,macOS,Chrome,Mozilla/5.0 (Linux; Android 13; Pixel 6),CA,4G,sportsbuzz.io,2025-04-14T23:00:07,80,0.48,0.16,,0.064,False,False,False
237b6d41-b65c-4f78-8b62-1c9e4c67dc22,cmp_011,native,mobile,d4ef3b41a83042c8,macOS,Chrome,Mozilla/5.0 (iPhone; CPU iPhone OS 16_0 like Mac OS X),US,WiFi,funmedia.co,2025-04-14T20:19:19,104,1.68,1.05,,0.185,False,False,False
cf01dc1e-980c-42b5-a70f-ec488ce25732,cmp_015,banner,desktop,b6f700b41e3d4911,Windows,Edge,Mozilla/5.0 (Linux; Android 13; Pixel 6),FR,WiFi,shopnow.com,2025-04-14T13:30:51,78,0.67,4.19,,0.148,False,False,False
7d4b6d27-e596-4004-b0a5-231ea2a47084,cmp_005,native,mobile,554a8b677a614a3e,iOS,Firefox,Mozilla/5.0 (iPhone; CPU iPhone OS 16_0 like Mac OS X),BR,WiFi,funmedia.co,2025-04-14T15:13:36,145,1.7,3.17,,0.118,False,False,False
04078f6a-ccb3-4e06-ae00-fa19d2f2d15f,cmp_009,video,desktop,aaaa00ec3582485c,iOS,Edge,Mozilla/5.0 (iPhone; CPU iPhone OS 16_0 like Mac OS X),BR,WiFi,sportsbuzz.io,2025-04-14T16:55:50,81,1.1,1.58,,0.043,False,False,False
d2588198-4709-42b6-a010-dcd230c652ee,cmp_017,banner,mobile,4e86cc1b66c84d77,Android,Firefox,Mozilla/5.0 (Macintosh; Intel Mac OS X 12_5),US,WiFi,newsnet.org,2025-04-14T01:12:58,161,1.09,3.69,3.52,0.157,True,False,False
9ff56026-1700-4339-aa64-54da59250df5,cmp_017,banner,desktop,55815608ae0d4c5e,iOS,Firefox,Mozilla/5.0 (Macintosh; Intel Mac OS X 12_5),FR,WiFi,example.com,2025-04-14T22:43:08,104,0.99,0.53,,0.019,False,False,False
5139b560-60ba-471c-81c7-d49249449b37,cmp_011,video,mobile,da59638f0d6940d7,Android,Firefox,Mozilla/5.0 (Linux; Android 13; Pixel 6),DE,4G,newsnet.org,2025-04-14T14:42:47,83,0.94,1.66,1.29,0.032,True,True,False
c35c6c9c-161b-4717-b866-c96e1175340a,cmp_010,video,mobile,44c9fe96da12453b,Android,Safari,Mozilla/5.0 (Linux; Android 13; Pixel 6),DE,3G,shopnow.com,2025-04-14T14:13:34,99,0.35,2.27,,0.099,False,False,False
771a423d-2da1-44df-bd98-6dd813e155ea,cmp_010,video,mobile,fd251282e42b42b0,Android,Chrome,Mozilla/5.0 (Windows NT 10.0; Win64; x64),FR,WiFi,funmedia.co,2025-04-14T02:03:05,102,0.98,3.8,,0.035,False,False,False
5627c132-08c5-4504-bc81-c215e72ab36e,cmp_008,video,mobile,0c18bf8681e64f09,Android,Firefox,Mozilla/5.0 (Macintosh; Intel Mac OS X 12_5),FR,WiFi,newsnet.org,2025-04-14T21:29:06,84,1.6,3.36,,0.178,False,False,False
d4be6530-1d9e-4f35-a4dd-4bfa69ff5d16,cmp_012,video,mobile,b2462ac4b44540ed,Android,Chrome,Mozilla/5.0 (Windows NT 10.0; Win64; x64),UK,4G,shopnow.com,2025-04-14T00:30:07,149,0.3,3.6,2.84,0.116,True,False,False
ae972c7f-8eb7-430f-9ea3-e3c673361524,cmp_003,banner,mobile,f5cd980a22894576,Android,Edge,Mozilla/5.0 (Macintosh; Intel Mac OS X 12_5),FR,WiFi,funmedia.co,2025-04-14T16:15:39,72,0.55,2.77,2.69,0.136,True,False,False
c5628edb-a34a-4aaf-85fd-8d9219b80da2,cmp_006,video,mobile,18bceb88b01b4503,macOS,Chrome,Mozilla/5.0 (Macintosh; Intel Mac OS X 12_5),CA,WiFi,funmedia.co,2025-04-14T13:37:38,141,1.23,3.46,,0.166,False,False,False
a5985cab-3b23-4ecb-8cf8-d2b13fdb8f4a,cmp_005,banner,desktop,f41f545385c84913,Windows,Edge,Mozilla/5.0 (Linux; Android 13; Pixel 6),US,WiFi,sportsbuzz.io,2025-04-14T18:03:05,101,0.67,4.4,,0.161,False,False,False
258b83f9-5392-44fa-bf85-56478a45537a,cmp_019,native,tablet,3ed923d2f9e44548,macOS,Safari,Mozilla/5.0 (iPhone; CPU iPhone OS 16_0 like Mac OS X),BR,WiFi,example.com,2025-04-14T21:59:27,127,1.81,0.41,,0.194,False,False,False
930ef25c-2b64-4d05-855f-45d227432972,cmp_008,video,mobile,9ff396629c4e4b20,macOS,Firefox,Mozilla/5.0 (iPhone; CPU iPhone OS 16_0 like Mac OS X),DE,WiFi,sportsbuzz.io,2025-04-14T00:35:52,93,0.43,1.13,,0.036,False,False,False
e1fb95bb-0782-4841-bff6-b42d469f9f6e,cmp_001,video,mobile,c8be4a3bf9a049e1,iOS,Safari,Mozilla/5.0 (Linux; Android 13; Pixel 6),UK,WiFi,example.com,2025-04-14T20:23:53,138,0.93,2.48,2.2,0.198,True,False,False
dd472901-6acf-437e-9554-cddee44c0da9,cmp_017,native,tablet,8b6f295ba87e4f8e,macOS,Edge,Mozilla/5.0 (Macintosh; Intel Mac OS X 12_5),UK,4G,sportsbuzz.io,2025-04-14T12:50:44,136,1.71,2.93,,0.055,False,False,False
8d45f5c1-8feb-4984-af4d-02db7f6a3736,cmp_012,video,mobile,7dd2921a41b44ea5,macOS,Chrome,Mozilla/5.0 (Macintosh; Intel Mac OS X 12_5),US,3G,example.com,2025-04-14T11:34:36,158,1.97,3.68,,0.197,False,False,False
08bad3e5-519b-4800-a0e8-729705fe60bd,cmp_018,native,mobile,b6d043f12c234542,Windows,Chrome,Mozilla/5.0 (iPhone; CPU iPhone OS 16_0 like Mac OS X),FR,WiFi,shopnow.com,2025-04-14T13:05:33,116,1.82,2.32,,0.119,False,False,False
b871aeef-4a97-4523-b230-e9bc81c3c4cc,cmp_002,video,mobile,bf4d7302caf6466c,Android,Chrome,Mozilla/5.0 (Windows NT 10.0; Win64; x64),DE,WiFi,sportsbuzz.io,2025-04-14T09:51:18,119,1.5,1.53,,0.015,False,False,False
f636c8d0-a6fe-4ee0-a46b-00550709dd49,cmp_009,video,mobile,252066fba5dc4a35,iOS,Safari,Mozilla/5.0 (Windows NT 10.0; Win64; x64),DE,WiFi,example.com,2025-04-14T03:04:54,117,0.43,1.91,1.44,0.159,True,False,False
062d8413-beb2-4910-9772-86206d01f3f4,cmp_014,native,tablet,8e560f1f79b346ca,Android,Edge,Mozilla/5.0 (Macintosh; Intel Mac OS X 12_5),UK,WiFi,sportsbuzz.io,2025-04-14T00:05:09,76,1.2,0.92,,0.17,False,False,False
e9474b75-a0dc-4a7f-b598-adbfee295dd0,cmp_016,banner,mobile,c2a9d0cdbef84c2f,macOS,Safari,Mozilla/5.0 (Macintosh; Intel Mac OS X 12_5),FR,4G,funmedia.co,2025-04-14T01:16:48,111,1.75,0.81,,0.012,False,False,False
3d023432-7e53-47da-80eb-1cf4c1fdbc21,cmp_004,native,mobile,5c6e028209b34022,Windows,Edge,Mozilla/5.0 (iPhone; CPU iPhone OS 16_0 like Mac OS X),JP,WiFi,shopnow.com,2025-04-14T21:28:24,87,0.62,3.3,,0.061,False,False,False
81e83d27-7502-4f11-bff8-9d9805ca623b,cmp_017,video,desktop,8399e0057aee47c3,Android,Firefox,Mozilla/5.0 (Linux; Android 13; Pixel 6),IN,5G,funmedia.co,2025-04-14T07:37:25,94,0.29,0.16,,0.03,False,False,False
a85efccd-0257-4274-b2eb-fac619137100,cmp_020,video,mobile,986d695893c549e0,iOS,Safari,Mozilla/5.0 (iPhone; CPU iPhone OS 16_0 like Mac OS X),US,WiFi,example.com,2025-04-14T12:14:46,70,1.45,3.23,,0.033,False,False,False
ad67cd34-7da9-4920-a50b-19e5610717d2,cmp_006,native,mobile,11bea9c04c4f4c85,Windows,Edge,Mozilla/5.0 (iPhone; CPU iPhone OS 16_0 like Mac OS X),UK,WiFi,funmedia.co,2025-04-14T03:42:48,149,1.56,4.98,,0.142,False,False,False
a8ce4689-3c12-4c47-bdac-fd276cfa6ece,cmp_013,banner,mobile,9cc3354fc9704f0f,iOS,Firefox,Mozilla/5.0 (Macintosh; Intel Mac OS X 12_5),US,WiFi,funmedia.co,2025-04-14T19:16:10,135,0.94,1.4,,0.103,False,False,False
c099d226-ffe0-43c9-b369-a2d52dab96f9,cmp_007,video,mobile,6a770a40c5d24b72,iOS,Edge,Mozilla/5.0 (Macintosh; Intel Mac OS X 12_5),JP,WiFi,shopnow.com,2025-04-14T17:11:41,129,0.58,2.9,,0.095,False,False,False
0a913764-1279-4923-8a6b-7be9b9dadee2,cmp_011,banner,desktop,1e309c8a4b88496f,iOS,Edge,Mozilla/5.0 (Linux; Android 13; Pixel 6),DE,5G,sportsbuzz.io,2025-04-14T04:40:00,127,1.48,2.08,1.59,0.164,True,False,False
5570e862-d542-4afa-964c-f6c1e5677646,cmp_010,banner,mobile,2d8cadf3e18e49ce,iOS,Chrome,Mozilla/5.0 (Windows NT 10.0; Win64; x64),BR,4G,sportsbuzz.io,2025-04-14T18:49:30,137,1.54,4.22,3.63,0.065,True,False,False
b498ed96-fde7-48d7-86b9-87870bb4bf0a,cmp_003,video,desktop,669edde7962c4fcd,Android,Safari,Mozilla/5.0 (Macintosh; Intel Mac OS X 12_5),BR,2G,sportsbuzz.io,2025-04-14T18:19:44,98,1.99,0.22,,0.055,False,False,False
a3117d52-a33e-4969-a14e-30090ce89180,cmp_001,native,mobile,5611b40ead3c4b50,Windows,Chrome,Mozilla/5.0 (Macintosh; Intel Mac OS X 12_5),JP,4G,example.com,2025-04-14T10:50:34,114,1.34,1.14,,0.109,False,False,False
3d1fed6b-2c8c-4434-87e1-0cbafe4e321b,cmp_002,native,mobile,04e41ec0f5224953,macOS,Chrome,Mozilla/5.0 (iPhone; CPU iPhone OS 16_0 like Mac OS X),IN,5G,newsnet.org,2025-04-14T22:55:55,90,0.19,4.6,3.45,0.143,True,True,False
f6611a08-30b4-4ce0-8c6e-d42259ef749d,cmp_004,banner,desktop,89d9b17f15f54a4c,Android,Chrome,Mozilla/5.0 (iPhone; CPU iPhone OS 16_0 like Mac OS X),CA,WiFi,sportsbuzz.io,2025-04-14T20:29:39,71,1.39,4.91,,0.072,False,False,False
d8eacbcd-7c70-4f3a-b252-e302ed128544,cmp_003,banner,desktop,54b9770c79304cf9,Windows,Safari,Mozilla/5.0 (Windows NT 10.0; Win64; x64),UK,WiFi,example.com,2025-04-14T16:08:20,145,0.8,0.92,0.8,0.041,True,False,False
1577b1c5-fc65-415f-9541-466c83422ac2,cmp_003,video,desktop,e296bfbcd0074b7f,iOS,Safari,Mozilla/5.0 (Macintosh; Intel Mac OS X 12_5),US,WiFi,example.com,2025-04-14T20:40:39,109,1.42,1.49,,0.161,False,False,False
04180080-bbc8-40b0-b9b7-4497ac5a659b,cmp_006,video,mobile,dd03ffc30d89465e,iOS,Safari,Mozilla/5.0 (Linux; Android 13; Pixel 6),AU,WiFi,shopnow.com,2025-04-14T03:09:40,81,0.27,3.1,,0.167,False,False,False
a61c715e-6292-4a27-8575-ce3abf5e584e,cmp_020,banner,mobile,2e28fefd7ca14748,Android,Edge,Mozilla/5.0 (iPhone; CPU iPhone OS 16_0 like Mac OS X),JP,WiFi,funmedia.co,2025-04-14T11:35:15,107,1.61,1.05,,0.14,False,False,False
8e8583f1-30a1-411c-8fad-449929ea6410,cmp_012,banner,mobile,a2c6af17b581457e,Android,Edge,Mozilla/5.0 (iPhone; CPU iPhone OS 16_0 like Mac OS X),US,4G,funmedia.co,2025-04-14T23:30:31,100,1.79,3.12,2.23,0.096,True,False,False
4237c896-3948-404e-a87a-815cb6c46a7f,cmp_019,native,mobile,c578ae5c3ce24ec8,Windows,Edge,Mozilla/5.0 (Macintosh; Intel Mac OS X 12_5),IN,4G,shopnow.com,2025-04-14T04:01:31,108,0.72,3.92,,0.029,False,False,False
a29ad18b-f798-47ce-bc9b-6cd9397244fd,cmp_014,banner,mobile,6bb6c97d12464fda,Android,Edge,Mozilla/5.0 (iPhone; CPU iPhone OS 16_0 like Mac OS X),FR,4G,newsnet.org,2025-04-14T21:24:57,96,0.97,1.93,,0.047,False,False,False
b8541ea4-8db5-47a8-aeb2-462675a11177,cmp_005,banner,desktop,81c8602241ef4c20,macOS,Edge,Mozilla/5.0 (Windows NT 10.0; Win64; x64),US,4G,example.com,2025-04-14T07:21:08,121,0.4,1.55,,0.161,False,False,False
b59b88e5-685e-42a3-ae28-2fffe8f93983,cmp_007,banner,mobile,ae1220bd102c4521,macOS,Edge,Mozilla/5.0 (Macintosh; Intel Mac OS X 12_5),JP,4G,shopnow.com,2025-04-14T21:36:35,99,1.5,3.68,,0.057,False,False,False
ffe2105d-8e84-4966-835d-25d8393c36b8,cmp_002,native,tablet,9acef84e8a2b4ea8,macOS,Chrome,Mozilla/5.0 (Macintosh; Intel Mac OS X 12_5),US,5G,example.com,2025-04-14T16:57:59,77,0.29,3.51,3.22,0.104,True,False,False
7270b745-5359-4013-aa70-1237d351653e,cmp_016,video,mobile,4d10502a47b140dd,Android,Edge,Mozilla/5.0 (iPhone; CPU iPhone OS 16_0 like Mac OS X),CA,WiFi,funmedia.co,2025-04-14T11:13:08,154,0.15,3.76,,0.096,False,False,False
1bcc864e-99ee-4d0b-a550-23b04ae57285,cmp_013,video,desktop,fc4cb4744e5644a9,iOS,Firefox,Mozilla/5.0 (iPhone; CPU iPhone OS 16_0 like Mac OS X),US,5G,funmedia.co,2025-04-14T21:25:11,111,1.61,2.76,2.64,0.16,True,False,False
109e8803-d2b4-4bf7-a04e-d4a1373dd906,cmp_012,video,desktop,08b2f3fe0591463c,iOS,Firefox,Mozilla/5.0 (Macintosh; Intel Mac OS X 12_5),CA,4G,sportsbuzz.io,2025-04-14T01:58:43,192,1.44,3.28,,0.117,False,False,False
7314f501-969e-4262-9ce5-dc5c0da5992b,cmp_008,native,mobile,4c3befcd51bc473a,Windows,Firefox,Mozilla/5.0 (Linux; Android 13; Pixel 6),FR,5G,funmedia.co,2025-04-14T03:21:15,111,0.96,1.93,,0.105,False,False,False
e5040848-d84e-41ec-ba3e-8530be566f7e,cmp_003,native,desktop,6ae3ee085597403a,macOS,Chrome,Mozilla/5.0 (Windows NT 10.0; Win64; x64),FR,3G,newsnet.org,2025-04-14T13:34:43,125,0.65,4.5,3.51,0.192,True,False,False
22032ce7-d8bb-44eb-8a5e-dcb41e9ee932,cmp_014,native,tablet,6ca4ae22bb434771,Android,Edge,Mozilla/5.0 (Windows NT 10.0; Win64; x64),US,4G,shopnow.com,2025-04-14T13:55:13,79,0.22,1.53,1.49,0.176,True,False,False
078e4313-ad66-4f37-945f-4b579869b25e,cmp_015,native,desktop,cb0f376aac084316,Android,Firefox,Mozilla/5.0 (Macintosh; Intel Mac OS X 12_5),FR,4G,funmedia.co,2025-04-14T11:21:41,135,1.02,1.37,,0.194,False,False,False
1fe4f95f-7dfe-4aef-99ec-fb6efea1cf84,cmp_006,video,tablet,1433dd5a79014548,Android,Safari,Mozilla/5.0 (Windows NT 10.0; Win64; x64),UK,4G,newsnet.org,2025-04-14T01:22:18,145,0.59,0.72,,0.045,False,False,False
95a695d4-38fd-4002-9649-186e57b21b9b,cmp_018,banner,mobile,074be4d4c40f47e8,iOS,Chrome,Mozilla/5.0 (Linux; Android 13; Pixel 6),JP,4G,funmedia.co,2025-04-14T00:20:22,127,0.38,2.55,,0.097,False,False,False
5079b3ec-69d7-4027-bdee-330fe571874f,cmp_010,native,mobile,fa5b0be7522242f7,Android,Edge,Mozilla/5.0 (Macintosh; Intel Mac OS X 12_5),DE,4G,shopnow.com,2025-04-14T00:47:34,146,1.39,0.3,,0.032,False,False,False
cb61c1cf-db23-4935-9f0f-5a4b20307be1,cmp_002,banner,mobile,541c2facafc74c8e,Android,Safari,Mozilla/5.0 (Windows NT 10.0; Win64; x64),CA,WiFi,shopnow.com,2025-04-14T00:39:53,142,0.47,3.86,,0.026,False,False,False
2e321e37-54bd-48db-8497-0bab3e7667ae,cmp_012,video,mobile,a894ddef1bfa4871,Android,Edge,Mozilla/5.0 (iPhone; CPU iPhone OS 16_0 like Mac OS X),BR,4G,sportsbuzz.io,2025-04-14T18:05:32,103,1.96,1.82,,0.176,False,False,False
bc80026b-1296-4b6a-8062-da2ddbbb9b72,cmp_010,video,desktop,dcfc91c0c11542fd,macOS,Edge,Mozilla/5.0 (Macintosh; Intel Mac OS X 12_5),AU,3G,newsnet.org,2025-04-14T02:46:56,138,0.26,2.98,,0.049,False,False,False
0980f22c-9b0f-41de-ba56-1107532570db,cmp_014,native,desktop,c04850e9fd6b42b6,macOS,Safari,Mozilla/5.0 (iPhone; CPU iPhone OS 16_0 like Mac OS X),CA,5G,funmedia.co,2025-04-14T21:21:04,108,0.45,0.77,,0.083,False,False,False
e7ef6a25-a182-4494-a7a6-965faa738e67,cmp_008,native,mobile,040517ac6dba45f3,iOS,Safari,Mozilla/5.0 (Macintosh; Intel Mac OS X 12_5),JP,4G,example.com,2025-04-14T01:52:19,71,1.69,4.78,,0.1,False,False,False
9af8c83a-1d4d-470e-93d5-81603dbd6927,cmp_004,video,tablet,15028e057677486e,macOS,Chrome,Mozilla/5.0 (iPhone; CPU iPhone OS 16_0 like Mac OS X),IN,WiFi,funmedia.co,2025-04-14T21:26:11,98,0.59,2.24,,0.14,False,False,False
20afb44d-28d3-4261-b6d7-ec7b95f3d2a6,cmp_019,native,mobile,40bb4568f1194f35,Android,Firefox,Mozilla/5.0 (Linux; Android 13; Pixel 6),DE,5G,example.com,2025-04-14T20:23:32,146,0.78,3.5,,0.02,False,False,False
942a528e-ba58-4da3-b546-7949babd68f4,cmp_006,video,mobile,bcc32527ebbf41d3,Android,Firefox,Mozilla/5.0 (Linux; Android 13; Pixel 6),CA,WiFi,example.com,2025-04-14T17:22:03,141,1.4,1.58,1.37,0.141,True,False,False
0603b72b-9cbf-44c1-aad5-df2bdf446806,cmp_006,video,desktop,4b2c48c153f345e2,Android,Safari,Mozilla/5.0 (Windows NT 10.0; Win64; x64),AU,5G,example.com,2025-04-14T00:33:18,80,1.61,4.17,,0.116,False,False,False
df84aac1-bee4-4a53-85cc-b29fe755a54b,cmp_015,native,mobile,a4bed8f052f14eac,iOS,Safari,Mozilla/5.0 (Macintosh; Intel Mac OS X 12_5),CA,WiFi,example.com,2025-04-14T22:54:34,94,1.65,1.88,,0.179,False,False,False
a6ccdeeb-9dfc-489e-a91a-e8367109335d,cmp_005,native,mobile,00734bd3ef74491c,Android,Firefox,Mozilla/5.0 (Linux; Android 13; Pixel 6),CA,3G,newsnet.org,2025-04-14T19:21:11,123,0.25,0.74,,0.141,False,False,False
3facfe1e-3eeb-4e3e-8ed9-953c9506c8e7,cmp_017,video,mobile,f0620048b6a4427f,iOS,Edge,Mozilla/5.0 (iPhone; CPU iPhone OS 16_0 like Mac OS X),CA,3G,shopnow.com,2025-04-14T02:49:30,120,1.53,3.37,,0.159,False,False,False
4515d391-2055-4993-9bc2-46909576781f,cmp_005,banner,desktop,e048f8ce393243cd,Windows,Firefox,Mozilla/5.0 (iPhone; CPU iPhone OS 16_0 like Mac OS X),US,4G,funmedia.co,2025-04-14T05:57:12,131,1.48,2.55,,0.056,False,False,False
e1d1df45-3475-4dff-b69b-82c2cd570a8c,cmp_006,banner,mobile,88f57dd146124981,iOS,Chrome,Mozilla/5.0 (Windows NT 10.0; Win64; x64),IN,WiFi,shopnow.com,2025-04-14T02:37:48,171,1.43,2.43,,0.045,False,False,False
09ffbebe-0dbe-49d7-b3a6-91846d278474,cmp_014,video,mobile,6247ada08e004007,Windows,Chrome,Mozilla/5.0 (Linux; Android 13; Pixel 6),JP,5G,example.com,2025-04-14T03:53:22,92,1.04,2.65,,0.079,False,False,False
ceee7db7-4891-490f-8893-c08e0a8d5b36,cmp_020,video,mobile,647f344f0c164016,macOS,Safari,Mozilla/5.0 (Macintosh; Intel Mac OS X 12_5),DE,5G,funmedia.co,2025-04-14T19:05:20,105,0.23,1.03,,0.17,False,False,False
bc087e2d-cebb-402a-833b-78351643170a,cmp_015,native,mobile,980a39f3d5f444f7,iOS,Chrome,Mozilla/5.0 (Macintosh; Intel Mac OS X 12_5),CA,3G,shopnow.com,2025-04-14T18:11:00,177,1.22,2.06,,0.029,False,False,False
405a6823-04cc-4ec7-8f71-4982e13d4cfe,cmp_008,banner,mobile,32f0c455678543f9,macOS,Firefox,Mozilla/5.0 (iPhone; CPU iPhone OS 16_0 like Mac OS X),AU,WiFi,sportsbuzz.io,2025-04-14T23:04:23,124,1.62,3.81,,0.189,False,False,False
1d29e22a-e868-49f2-971c-d2231e4c50ba,cmp_004,native,mobile,876b8765943b4fd0,macOS,Edge,Mozilla/5.0 (iPhone; CPU iPhone OS 16_0 like Mac OS X),FR,4G,funmedia.co,2025-04-14T18:25:31,80,0.16,4.72,,0.15,False,False,False
db725c74-195d-474f-b86f-35defb66cb2c,cmp_010,video,desktop,6c5a8a4e638a40b9,iOS,Chrome,Mozilla/5.0 (Linux; Android 13; Pixel 6),BR,WiFi,shopnow.com,2025-04-14T13:01:11,85,0.66,2.38,,0.105,False,False,False
19544dca-2a6f-4dbd-a2e4-82cc9ccbc27f,cmp_004,native,mobile,c0eba132f4974bae,macOS,Firefox,Mozilla/5.0 (Macintosh; Intel Mac OS X 12_5),US,WiFi,sportsbuzz.io,2025-04-14T15:51:55,116,0.17,2.27,,0.044,False,False,False
4517d968-c512-4c05-b00a-863d31f04d4e,cmp_013,banner,mobile,31206d24f9f54821,iOS,Edge,Mozilla/5.0 (Windows NT 10.0; Win64; x64),UK,WiFi,sportsbuzz.io,2025-04-14T19:56:45,105,1.72,2.43,,0.106,False,False,False
0b069f81-6886-48d8-a896-208ffd881844,cmp_002,native,mobile,78fac8759b8d43a7,iOS,Safari,Mozilla/5.0 (Windows NT 10.0; Win64; x64),DE,WiFi,example.com,2025-04-14T13:24:39,84,1.51,1.81,,0.015,False,False,False
82e6ae20-6c3a-4c87-8606-cc3eb9168e6e,cmp_002,video,tablet,6e90684358ae4c95,Android,Safari,Mozilla/5.0 (Windows NT 10.0; Win64; x64),AU,WiFi,newsnet.org,2025-04-14T09:06:27,65,0.68,0.42,,0.074,False,False,False
c836d8cc-fc48-48fb-92ce-53dbed8db0f3,cmp_009,video,desktop,6ab6a6f4bccd4fbf,macOS,Chrome,Mozilla/5.0 (Macintosh; Intel Mac OS X 12_5),AU,WiFi,example.com,2025-04-14T00:20:02,84,0.84,1.95,,0.119,False,False,False
458f468f-4932-4368-8b9a-d0ac92a5e646,cmp_020,video,mobile,611cd23ddc3143a7,Windows,Edge,Mozilla/5.0 (Linux; Android 13; Pixel 6),BR,4G,funmedia.co,2025-04-14T02:43:13,67,1.72,0.47,,0.051,False,False,False
d7537afd-b9cf-42db-b205-e2cb2d06c094,cmp_019,video,desktop,362330250eb84508,Windows,Chrome,Mozilla/5.0 (iPhone; CPU iPhone OS 16_0 like Mac OS X),CA,5G,funmedia.co,2025-04-14T07:19:36,59,0.91,2.7,2.53,0.076,True,False,False
bef51dcf-f09d-4fa3-962d-c5cf2d2c9246,cmp_020,video,mobile,c6bb16ea1e654421,macOS,Safari,Mozilla/5.0 (Windows NT 10.0; Win64; x64),AU,WiFi,shopnow.com,2025-04-14T08:42:34,95,1.05,1.01,,0.136,False,False,False
725b04d3-4d85-42de-b16c-5f433318cb0a,cmp_017,native,mobile,d844f18388254feb,Windows,Edge,Mozilla/5.0 (iPhone; CPU iPhone OS 16_0 like Mac OS X),AU,3G,newsnet.org,2025-04-14T20:29:17,94,1.4,0.84,,0.067,False,False,False
42db5e92-fe5c-4ac8-a551-3e17c7524106,cmp_010,banner,desktop,1e3f68dd55774ff6,Windows,Safari,Mozilla/5.0 (Windows NT 10.0; Win64; x64),AU,4G,newsnet.org,2025-04-14T12:20:55,135,1.67,1.3,,0.098,False,False,False
4a50bf5e-6af6-4284-9b4b-bc4278a8d4ae,cmp_009,native,tablet,98f144344a3a471e,iOS,Firefox,Mozilla/5.0 (Linux; Android 13; Pixel 6),IN,WiFi,newsnet.org,2025-04-14T15:27:27,133,1.15,1.46,1.33,0.132,True,False,False
c8115523-061c-47b4-89ea-cd097f905145,cmp_012,video,desktop,2fe04ce9dd9b4151,macOS,Safari,Mozilla/5.0 (Macintosh; Intel Mac OS X 12_5),CA,4G,example.com,2025-04-14T01:57:05,88,1.36,0.69,,0.12,False,False,False
0c664f26-2cb2-4c4e-82d5-c46659aa6298,cmp_011,video,desktop,719c5004524049bd,macOS,Safari,Mozilla/5.0 (iPhone; CPU iPhone OS 16_0 like Mac OS X),IN,WiFi,funmedia.co,2025-04-14T19:33:16,105,0.3,1.17,,0.051,False,False,False
3476d335-ddd2-44d4-9505-e1b36b17355b,cmp_011,banner,mobile,279de6b07d964a52,macOS,Edge,Mozilla/5.0 (iPhone; CPU iPhone OS 16_0 like Mac OS X),BR,WiFi,shopnow.com,2025-04-14T11:55:37,180,0.79,4.69,,0.146,False,False,False
067fa9ad-b42a-4ab1-a729-2adcc8ad8835,cmp_009,banner,desktop,fd9f510b41ac41a8,macOS,Firefox,Mozilla/5.0 (Linux; Android 13; Pixel 6),US,WiFi,shopnow.com,2025-04-14T00:57:38,106,1.82,3.53,,0.14,False,False,False
87bc0ffc-f544-4c74-bf28-beecd1e5ff5f,cmp_010,banner,tablet,79b85f884e98414c,Android,Firefox,Mozilla/5.0 (Windows NT 10.0; Win64; x64),AU,4G,example.com,2025-04-14T06:28:24,172,1.77,3.19,,0.156,False,False,False
88bf96b2-80d9-47ec-a195-89e54e8bf736,cmp_014,video,mobile,ea80b331a0dc4d15,Android,Firefox,Mozilla/5.0 (Windows NT 10.0; Win64; x64),AU,5G,example.com,2025-04-14T00:55:05,78,1.24,1.82,,0.165,False,False,False
c05bbcbd-d9d8-4ac4-9cbf-bd349a9792f3,cmp_005,banner,desktop,f0d1632d897d415c,macOS,Safari,Mozilla/5.0 (Macintosh; Intel Mac OS X 12_5),UK,WiFi,example.com,2025-04-14T12:01:48,115,1.08,0.87,,0.194,False,False,False
f9a3a83a-5533-4b7d-8f6d-d730cbf4cfab,cmp_016,native,desktop,1168fa32a975487e,Windows,Safari,Mozilla/5.0 (Macintosh; Intel Mac OS X 12_5),BR,WiFi,newsnet.org,2025-04-14T20:48:08,131,1.62,4.15,,0.048,False,False,False
03bbcfa6-30f2-4e6b-9d0e-13d806fc0f79,cmp_003,native,mobile,0119bb26c1fb46b2,Android,Firefox,Mozilla/5.0 (Linux; Android 13; Pixel 6),US,WiFi,sportsbuzz.io,2025-04-14T05:56:24,135,0.59,2.2,,0.027,False,False,False
00a45c07-b09b-4417-a23d-28a28bcbda5b,cmp_004,native,mobile,5c3b7e0ce9ad4782,Android,Safari,Mozilla/5.0 (Macintosh; Intel Mac OS X 12_5),FR,WiFi,newsnet.org,2025-04-14T22:07:00,147,0.61,4.09,,0.152,False,False,False
a540c1c6-49ee-4688-b100-9cc24e9dd91b,cmp_014,banner,tablet,9fc4be3f3d904ee2,macOS,Safari,Mozilla/5.0 (Linux; Android 13; Pixel 6),DE,2G,newsnet.org,2025-04-14T12:13:38,142,0.57,2.31,,0.121,False,False,False
ef55f315-2960-4537-911b-077b576c6c05,cmp_013,video,tablet,8783ca6f755f4a50,Windows,Chrome,Mozilla/5.0 (Linux; Android 13; Pixel 6),AU,3G,sportsbuzz.io,2025-04-14T02:30:08,117,0.73,0.39,,0.055,False,False,False
18907bcb-3c14-4c7d-882c-df655ac99254,cmp_009,native,desktop,61f9c5f834bc47b5,macOS,Firefox,Mozilla/5.0 (iPhone; CPU iPhone OS 16_0 like Mac OS X),US,WiFi,shopnow.com,2025-04-14T21:38:42,112,0.18,4.47,3.77,0.044,True,False,False
b1cdae15-31ba-4973-8c39-0e6391ffee45,cmp_004,native,mobile,c6ccb3a5519749b4,iOS,Safari,Mozilla/5.0 (Windows NT 10.0; Win64; x64),UK,5G,funmedia.co,2025-04-14T13:05:20,106,0.63,4.87,,0.079,False,False,False
922ee6e8-9ce3-46fb-ba35-3d94de3b718b,cmp_011,video,mobile,311b29cbe51e4768,Android,Edge,Mozilla/5.0 (Linux; Android 13; Pixel 6),AU,3G,sportsbuzz.io,2025-04-14T21:16:39,133,0.59,0.28,,0.144,False,False,False
063c1def-7f11-495c-855c-c58f1ad6e66f,cmp_015,video,mobile,c78f2b519b8b4789,iOS,Safari,Mozilla/5.0 (Macintosh; Intel Mac OS X 12_5),BR,3G,sportsbuzz.io,2025-04-14T12:57:59,137,1.75,0.56,,0.044,False,False,False
3c567b66-65c8-4725-aa2b-4b0c6443c1af,cmp_017,video,mobile,3606a67b19e34e69,Android,Edge,Mozilla/5.0 (iPhone; CPU iPhone OS 16_0 like Mac OS X),IN,WiFi,shopnow.com,2025-04-14T04:32:52,121,0.72,0.56,,0.064,False,False,False
89d49635-48ff-4bc8-adf6-d86cb897aab9,cmp_005,video,mobile,d06b76dfb94347ad,iOS,Edge,Mozilla/5.0 (Windows NT 10.0; Win64; x64),CA,WiFi,example.com,2025-04-14T23:07:25,155,0.96,3.33,,0.191,False,False,False
ec9b7079-361b-4919-a2f0-6673b2dbc34e,cmp_007,native,tablet,205940d93fce4f25,Windows,Firefox,Mozilla/5.0 (Linux; Android 13; Pixel 6),BR,WiFi,example.com,2025-04-14T00:02:41,119,0.28,3.05,2.82,0.058,True,False,False
172773ba-f9c9-43a6-9f87-9b1a61db426f,cmp_004,video,desktop,e5d23b9036c64de3,macOS,Edge,Mozilla/5.0 (Linux; Android 13; Pixel 6),DE,WiFi,funmedia.co,2025-04-14T00:13:10,82,1.82,4.62,,0.125,False,False,False
066997fa-e82d-40fd-b8ee-15c81007484b,cmp_009,banner,mobile,73ab1afd04674175,macOS,Chrome,Mozilla/5.0 (Macintosh; Intel Mac OS X 12_5),AU,WiFi,shopnow.com,2025-04-14T02:23:32,135,0.91,2.23,,0.018,False,False,False
bdeb29e3-6291-4d17-948c-0ec627fd01f1,cmp_010,native,desktop,5f4581fd2e6a4ce2,macOS,Chrome,Mozilla/5.0 (iPhone; CPU iPhone OS 16_0 like Mac OS X),FR,WiFi,sportsbuzz.io,2025-04-14T12:14:41,82,0.38,2.44,,0.034,False,False,False
433f888a-2aa8-4849-865e-541a56c27b2b,cmp_002,video,mobile,c12527a5816e44ba,iOS,Edge,Mozilla/5.0 (iPhone; CPU iPhone OS 16_0 like Mac OS X),JP,4G,shopnow.com,2025-04-14T20:33:27,73,0.78,4.08,,0.121,False,False,False
9b588e7c-9385-4ff9-a7bc-471b2df57ea6,cmp_002,video,mobile,aa725fc9fca94e62,macOS,Firefox,Mozilla/5.0 (Macintosh; Intel Mac OS X 12_5),UK,4G,example.com,2025-04-14T00:47:42,131,1.54,3.65,,0.095,False,False,False
d844963b-5e27-43d2-ac59-4153cf2ba26d,cmp_004,banner,mobile,674b5366c88c48a8,iOS,Chrome,Mozilla/5.0 (Windows NT 10.0; Win64; x64),CA,4G,sportsbuzz.io,2025-04-14T09:58:55,164,0.87,2.35,,0.135,False,False,False
2f0a5295-9825-4bed-9f5b-d582d9c12f05,cmp_003,native,mobile,df53e0517a1e441a,Android,Chrome,Mozilla/5.0 (Windows NT 10.0; Win64; x64),AU,4G,newsnet.org,2025-04-14T19:19:39,124,1.42,4.1,3.44,0.046,True,False,False
764a2dd8-0e8e-45bc-bcfd-3ba39b39c6f7,cmp_005,native,mobile,a85007621ad84e7a,macOS,Chrome,Mozilla/5.0 (Macintosh; Intel Mac OS X 12_5),DE,3G,sportsbuzz.io,2025-04-14T06:53:40,160,1.02,2.28,,0.014,False,False,False
af1e76c2-c8b2-4f68-a017-d9be082c581d,cmp_014,video,mobile,fc3010a40b4d4515,macOS,Firefox,Mozilla/5.0 (iPhone; CPU iPhone OS 16_0 like Mac OS X),US,2G,sportsbuzz.io,2025-04-14T06:18:36,92,1.08,2.06,,0.148,False,False,False
077fa507-de89-459e-bbc5-f18506d441bd,cmp_014,banner,desktop,636f16e28ea843e9,Windows,Chrome,Mozilla/5.0 (iPhone; CPU iPhone OS 16_0 like Mac OS X),JP,4G,shopnow.com,2025-04-14T21:55:31,82,1.28,0.67,,0.133,False,False,False
ace14bc9-b0a3-46a6-b4a7-931ad8e9f138,cmp_012,banner,mobile,af3eff484c72410c,Android,Safari,Mozilla/5.0 (Macintosh; Intel Mac OS X 12_5),IN,WiFi,sportsbuzz.io,2025-04-14T12:27:01,69,1.85,3.46,,0.172,False,False,False
f0cae0e6-e689-45e3-bc5a-154725f736ec,cmp_016,native,desktop,18f01db552ad48c4,Android,Firefox,Mozilla/5.0 (Windows NT 10.0; Win64; x64),AU,WiFi,newsnet.org,2025-04-14T13:56:18,150,0.4,0.95,,0.104,False,False,False
141aa37c-19b3-4344-bb90-07b9564ca526,cmp_012,banner,mobile,0b6575ca11c74cd8,Windows,Safari,Mozilla/5.0 (iPhone; CPU iPhone OS 16_0 like Mac OS X),US,4G,funmedia.co,2025-04-14T22:31:19,138,1.06,4.31,,0.163,False,False,False
4f354863-0707-4996-8579-dd5d994b09dd,cmp_012,native,mobile,7cd6a59041544851,Windows,Safari,Mozilla/5.0 (Windows NT 10.0; Win64; x64),DE,WiFi,example.com,2025-04-14T03:14:07,149,0.2,0.61,,0.19,False,False,False
6c52edd2-a102-4879-bd84-7610bed40442,cmp_017,banner,desktop,1bd2486308264061,Android,Chrome,Mozilla/5.0 (iPhone; CPU iPhone OS 16_0 like Mac OS X),CA,WiFi,example.com,2025-04-14T22:48:07,91,0.4,4.56,,0.066,False,False,False
878b4e48-3755-49f1-a91d-56f4cd103bca,cmp_005,banner,mobile,5374e72f05ab4b55,Android,Edge,Mozilla/5.0 (Windows NT 10.0; Win64; x64),BR,WiFi,example.com,2025-04-14T14:46:55,120,1.0,4.19,3.26,0.064,True,False,False
bc1b5861-8d5a-40eb-ab0b-b921f0a8f963,cmp_008,banner,mobile,af43f405ac254279,macOS,Edge,Mozilla/5.0 (Macintosh; Intel Mac OS X 12_5),JP,WiFi,newsnet.org,2025-04-14T11:40:42,117,1.91,4.5,,0.108,False,False,False
b89beb78-58aa-4496-b635-edbe9cfb5931,cmp_003,banner,desktop,db17de4c8bd04f62,Windows,Edge,Mozilla/5.0 (iPhone; CPU iPhone OS 16_0 like Mac OS X),JP,WiFi,funmedia.co,2025-04-14T22:28:09,125,1.35,3.82,,0.132,False,False,False
952346ee-25fd-4ddb-a1f5-782dce4a808e,cmp_013,native,desktop,e2c98b800f99452c,Windows,Firefox,Mozilla/5.0 (Macintosh; Intel Mac OS X 12_5),DE,WiFi,shopnow.com,2025-04-14T01:40:45,129,0.63,0.14,,0.11,False,False,False
bf49d72c-e431-47f6-94da-66fde6af144b,cmp_012,video,desktop,5777dc87973a432c,Android,Firefox,Mozilla/5.0 (Macintosh; Intel Mac OS X 12_5),JP,3G,sportsbuzz.io,2025-04-14T21:44:25,91,1.77,3.62,,0.109,False,False,False
c0c4bc58-79d4-4cef-92a3-3f7086c692f0,cmp_001,video,mobile,7d37ba3761424a4f,Windows,Safari,Mozilla/5.0 (iPhone; CPU iPhone OS 16_0 like Mac OS X),UK,WiFi,shopnow.com,2025-04-14T05:32:35,113,0.9,1.59,,0.106,False,False,False
144a946e-a324-436e-9799-1731f2e5671a,cmp_015,native,mobile,1714d07199b44fe6,iOS,Edge,Mozilla/5.0 (iPhone; CPU iPhone OS 16_0 like Mac OS X),US,4G,funmedia.co,2025-04-14T20:16:40,124,1.46,2.95,,0.188,False,False,False
f7846921-e77f-42a4-97c6-b04198e4c955,cmp_017,video,mobile,09c3086e7ffd4bbf,iOS,Firefox,Mozilla/5.0 (Macintosh; Intel Mac OS X 12_5),UK,5G,newsnet.org,2025-04-14T20:14:22,169,1.58,1.04,,0.096,False,False,False
5358ac40-ea8c-405f-a19a-eb20b71424dc,cmp_005,video,mobile,afbacb31e66e49e5,Android,Edge,Mozilla/5.0 (Macintosh; Intel Mac OS X 12_5),US,3G,sportsbuzz.io,2025-04-14T04:27:53,106,1.58,2.84,,0.176,False,False,False
de30a75f-c17b-43e3-b002-d9d5b58a4df2,cmp_005,video,desktop,775de671f09440f8,Android,Edge,Mozilla/5.0 (Linux; Android 13; Pixel 6),AU,WiFi,shopnow.com,2025-04-14T17:28:44,93,1.44,0.73,,0.174,False,False,False
2734f363-f8a2-4d9b-b0da-0324cdf58f24,cmp_004,video,mobile,54de36b1be31462c,macOS,Chrome,Mozilla/5.0 (Windows NT 10.0; Win64; x64),UK,3G,shopnow.com,2025-04-14T03:13:29,112,0.81,0.85,,0.198,False,False,False
8045d9d7-54fe-47c5-b421-114a375a3144,cmp_010,banner,desktop,e887e45f8a184ab1,Android,Safari,Mozilla/5.0 (iPhone; CPU iPhone OS 16_0 like Mac OS X),AU,WiFi,funmedia.co,2025-04-14T13:50:09,116,0.33,2.5,,0.076,False,False,False
802f89c7-1060-4f34-aaaf-6c67312a3b03,cmp_016,native,mobile,fa037e9017494451,Android,Safari,Mozilla/5.0 (Macintosh; Intel Mac OS X 12_5),BR,5G,shopnow.com,2025-04-14T11:36:19,88,1.75,2.3,,0.072,False,False,False
fbf6c714-11e7-42bf-a0d0-740c847f0871,cmp_015,banner,tablet,24c785e4a8e14bd5,iOS,Safari,Mozilla/5.0 (iPhone; CPU iPhone OS 16_0 like Mac OS X),BR,WiFi,funmedia.co,2025-04-14T18:26:24,128,1.61,2.9,,0.144,False,False,False
131dce26-9a6b-4594-b776-7cfd89895444,cmp_019,banner,tablet,064939db6f324a7a,Android,Edge,Mozilla/5.0 (iPhone; CPU iPhone OS 16_0 like Mac OS X),JP,5G,shopnow.com,2025-04-14T03:35:05,164,1.93,2.71,2.55,0.062,True,False,False
3127395b-1ed1-494e-8733-b7231bc348b1,cmp_016,native,desktop,259db58ee5344e72,Windows,Edge,Mozilla/5.0 (iPhone; CPU iPhone OS 16_0 like Mac OS X),AU,4G,example.com,2025-04-14T16:05:51,125,1.1,0.22,,0.083,False,False,False
e26284b4-16c3-4e8c-8c8c-9778db6e1517,cmp_003,banner,mobile,8fb8a626d5574ac8,Windows,Edge,Mozilla/5.0 (Windows NT 10.0; Win64; x64),UK,WiFi,newsnet.org,2025-04-14T02:06:34,191,1.46,0.99,,0.067,False,False,False
a733cfef-5d40-42e6-ab47-d6f39281ab1c,cmp_007,video,mobile,6f3d0bb50fba455a,Android,Edge,Mozilla/5.0 (iPhone; CPU iPhone OS 16_0 like Mac OS X),CA,5G,newsnet.org,2025-04-14T02:09:26,148,1.9,2.57,,0.061,False,False,False
7dcd0df7-02e0-4780-9735-815ea5a95889,cmp_009,banner,mobile,cee2b71b08794b07,iOS,Safari,Mozilla/5.0 (iPhone; CPU iPhone OS 16_0 like Mac OS X),IN,WiFi,shopnow.com,2025-04-14T15:04:30,111,0.95,2.88,,0.171,False,False,False
3658bc55-5709-4546-886c-01b3e486b578,cmp_018,native,tablet,78c76116c9d7419a,iOS,Chrome,Mozilla/5.0 (Macintosh; Intel Mac OS X 12_5),IN,WiFi,sportsbuzz.io,2025-04-14T19:09:23,107,1.28,4.81,3.45,0.134,True,False,False
d53f137f-a3f8-4a2c-af1d-f65392319c57,cmp_019,native,mobile,81f7735851174266,Windows,Chrome,Mozilla/5.0 (Linux; Android 13; Pixel 6),BR,4G,shopnow.com,2025-04-14T07:16:53,109,1.43,0.54,,0.168,False,False,False
4f841c79-680d-488d-9b2c-4c25440e6fad,cmp_011,video,mobile,82acb91ec6e84097,macOS,Firefox,Mozilla/5.0 (Windows NT 10.0; Win64; x64),JP,4G,funmedia.co,2025-04-14T19:17:56,118,0.75,4.92,,0.097,False,False,False
b9f76ae8-150c-4d82-8e7d-db82bfab903b,cmp_001,native,tablet,1a976cc754b1471c,macOS,Edge,Mozilla/5.0 (iPhone; CPU iPhone OS 16_0 like Mac OS X),FR,WiFi,newsnet.org,2025-04-14T00:44:08,69,0.25,3.28,,0.016,False,False,False
a0cd13dc-7740-4aa0-9e73-998863234259,cmp_013,video,tablet,840a95305f0745e1,iOS,Chrome,Mozilla/5.0 (Windows NT 10.0; Win64; x64),AU,5G,newsnet.org,2025-04-14T18:43:07,107,0.94,4.69,3.67,0.052,True,False,False
d7a7b765-4dbc-40f2-bdcf-0e3e7fc2b494,cmp_016,native,desktop,70f1e2d6d602455e,iOS,Firefox,Mozilla/5.0 (Linux; Android 13; Pixel 6),IN,5G,funmedia.co,2025-04-14T10:05:52,108,1.97,0.13,,0.131,False,False,False
6bc4925b-320c-4183-97a0-8a68e7325ae0,cmp_019,native,mobile,50b74dc7a8d949b3,Android,Chrome,Mozilla/5.0 (Linux; Android 13; Pixel 6),JP,WiFi,shopnow.com,2025-04-14T03:17:36,81,0.34,3.76,,0.187,False,False,False
15ea871a-0a99-4e42-94bb-2d721936d2a9,cmp_018,video,mobile,5fb7a4934e94436f,iOS,Edge,Mozilla/5.0 (Windows NT 10.0; Win64; x64),US,WiFi,sportsbuzz.io,2025-04-14T21:46:50,129,0.92,4.7,,0.199,False,False,False
2c3f0eec-06ad-46e8-9f24-165df6402d91,cmp_002,video,mobile,71188abc8c9240b0,macOS,Edge,Mozilla/5.0 (Linux; Android 13; Pixel 6),US,4G,funmedia.co,2025-04-14T18:29:31,117,0.74,2.02,,0.177,False,False,False
9e0148f5-fdf6-4863-8a7b-b57a6b425a6f,cmp_006,video,tablet,4aa4734cad074b6d,Windows,Chrome,Mozilla/5.0 (Linux; Android 13; Pixel 6),IN,WiFi,funmedia.co,2025-04-14T23:14:44,148,1.23,4.06,,0.129,False,False,False
3b25350d-9383-423d-8f7a-7e4d2a283716,cmp_017,banner,tablet,58914a7467aa4569,iOS,Edge,Mozilla/5.0 (Windows NT 10.0; Win64; x64),US,WiFi,newsnet.org,2025-04-14T07:06:30,140,1.2,3.16,2.24,0.026,True,False,False
91c74a2d-1a98-42f0-99b9-e6c2cd2d0e97,cmp_010,banner,mobile,270a2a2610ca49f6,macOS,Chrome,Mozilla/5.0 (iPhone; CPU iPhone OS 16_0 like Mac OS X),FR,3G,shopnow.com,2025-04-14T20:04:50,129,0.86,4.26,,0.127,False,False,False
a000167e-a255-4fff-93ba-aaf2a9070bb2,cmp_014,native,mobile,ac570bae02ed417d,iOS,Firefox,Mozilla/5.0 (Macintosh; Intel Mac OS X 12_5),AU,WiFi,shopnow.com,2025-04-14T21:50:42,123,0.15,3.41,,0.108,False,False,False
cb68c23c-b26a-4fc1-8934-138a4e7424e0,cmp_017,native,mobile,667377108835457c,Windows,Edge,Mozilla/5.0 (Linux; Android 13; Pixel 6),IN,5G,funmedia.co,2025-04-14T03:00:38,106,0.18,0.77,,0.034,False,False,False
844485fb-a590-4ea2-ac47-69eef1a9be49,cmp_005,video,mobile,f1adc1dcb44446b5,Windows,Firefox,Mozilla/5.0 (Linux; Android 13; Pixel 6),JP,4G,sportsbuzz.io,2025-04-14T14:41:48,107,1.08,4.85,3.73,0.135,True,False,False
4c85009b-b803-458e-ba0e-8fcd55ec130b,cmp_003,video,mobile,054b417c891f41e5,Android,Edge,Mozilla/5.0 (Linux; Android 13; Pixel 6),IN,WiFi,funmedia.co,2025-04-14T15:03:27,160,1.2,1.72,,0.193,False,False,False
63d436e8-8d99-4118-928a-6956b1e31446,cmp_008,video,desktop,e8be4b10d4ae4855,Android,Safari,Mozilla/5.0 (Macintosh; Intel Mac OS X 12_5),US,5G,example.com,2025-04-14T11:10:06,115,1.01,1.14,,0.156,False,False,False
ca4a5343-12f5-47f3-b798-75ad587d2524,cmp_001,video,mobile,b796a9b1f7634496,Windows,Chrome,Mozilla/5.0 (Windows NT 10.0; Win64; x64),US,5G,example.com,2025-04-14T20:24:13,140,1.83,3.19,,0.078,False,False,False
9357c204-84da-4920-9205-ba04f5cca2b9,cmp_018,banner,desktop,f0e1b6c8ec6144d4,Android,Safari,Mozilla/5.0 (Windows NT 10.0; Win64; x64),UK,2G,newsnet.org,2025-04-14T05:18:11,145,1.83,4.23,,0.014,False,False,False
2436620c-4172-4b6c-8c3a-ec4a9a6d348d,cmp_015,banner,mobile,aaeb8458e8464d38,Windows,Firefox,Mozilla/5.0 (Windows NT 10.0; Win64; x64),IN,WiFi,newsnet.org,2025-04-14T10:50:56,197,1.78,4.99,3.7,0.177,True,False,False
71f15167-1a90-454e-9728-d72c5e6a2493,cmp_008,video,desktop,74e01f8803674ed5,Android,Firefox,Mozilla/5.0 (Macintosh; Intel Mac OS X 12_5),BR,WiFi,example.com,2025-04-14T20:12:34,90,0.2,1.71,,0.161,False,False,False
515ac61d-108a-4a8a-bad2-80a46d9b2e79,cmp_020,video,mobile,3d5344d2d7474f0f,Android,Edge,Mozilla/5.0 (Macintosh; Intel Mac OS X 12_5),CA,WiFi,example.com,2025-04-14T20:37:56,98,0.98,2.54,,0.071,False,False,False
89f310e0-1723-43bf-85af-e74bb8663d1c,cmp_007,video,mobile,9a0baef89635481f,Android,Edge,Mozilla/5.0 (iPhone; CPU iPhone OS 16_0 like Mac OS X),AU,WiFi,newsnet.org,2025-04-14T18:45:31,92,0.68,2.04,,0.179,False,False,False
5c643fed-c3de-44f1-a93b-c4f1b39dcbd4,cmp_015,native,mobile,7cefd258085348e5,Windows,Safari,Mozilla/5.0 (Windows NT 10.0; Win64; x64),CA,WiFi,shopnow.com,2025-04-14T22:23:16,79,0.99,2.19,,0.088,False,False,False
f7c54f4f-d6fb-423f-9d1d-e4adcdebc255,cmp_012,banner,mobile,54a6074743f44ef6,Windows,Chrome,Mozilla/5.0 (iPhone; CPU iPhone OS 16_0 like Mac OS X),DE,WiFi,example.com,2025-04-14T08:24:01,129,0.29,4.64,3.52,0.024,True,False,False
48ce85f7-a006-424c-9dca-99cf284b0499,cmp_018,native,desktop,0f58b1822e5047b1,iOS,Firefox,Mozilla/5.0 (Linux; Android 13; Pixel 6),IN,4G,funmedia.co,2025-04-14T09:19:47,62,1.66,4.73,4.21,0.154,True,False,False
673c640d-e953-407c-b373-feae84dc71c0,cmp_008,banner,mobile,b4e4c34184b44b1f,macOS,Edge,Mozilla/5.0 (Macintosh; Intel Mac OS X 12_5),IN,4G,shopnow.com,2025-04-14T22:55:25,204,1.71,0.52,,0.091,False,False,False
3d1d8013-285e-475d-bfde-cb5e533967cc,cmp_012,video,mobile,cc1486fd6f8c4f4b,Android,Firefox,Mozilla/5.0 (iPhone; CPU iPhone OS 16_0 like Mac OS X),JP,WiFi,newsnet.org,2025-04-14T22:26:13,175,0.75,4.19,,0.09,False,False,False
5285e451-d623-4bfc-a3ef-8290fead0f5a,cmp_005,native,mobile,164ef1f9f39e415a,Windows,Edge,Mozilla/5.0 (iPhone; CPU iPhone OS 16_0 like Mac OS X),US,WiFi,newsnet.org,2025-04-14T11:49:44,123,0.84,1.1,0.8,0.112,True,False,False
14802e4c-3239-4b30-bcc4-e70766eabdf8,cmp_002,banner,mobile,43114f26af994f84,macOS,Chrome,Mozilla/5.0 (Linux; Android 13; Pixel 6),JP,4G,shopnow.com,2025-04-14T12:57:19,190,0.54,1.49,1.07,0.135,True,False,False
187b07ea-6e65-43c9-bae3-87410b23ad34,cmp_018,video,mobile,0e216bb595144627,macOS,Chrome,Mozilla/5.0 (Linux; Android 13; Pixel 6),CA,4G,sportsbuzz.io,2025-04-14T04:55:58,153,0.49,4.53,,0.175,False,False,False
d779462e-82f4-4707-a07a-4c9205ca7ddc,cmp_017,banner,desktop,42b6a4a7f0184c0b,Windows,Safari,Mozilla/5.0 (Linux; Android 13; Pixel 6),DE,2G,sportsbuzz.io,2025-04-14T20:42:30,127,1.63,2.06,,0.11,False,False,False
f77903b3-d49f-4ac5-9057-fe4fec2eb473,cmp_015,native,mobile,5a3f30d965dc4a05,Windows,Edge,Mozilla/5.0 (Windows NT 10.0; Win64; x64),CA,WiFi,funmedia.co,2025-04-14T21:29:29,129,0.43,4.07,,0.057,False,False,False
f0146741-e7e2-4514-8301-33db637c92d0,cmp_002,native,mobile,affa4999ac8f4272,Android,Firefox,Mozilla/5.0 (Macintosh; Intel Mac OS X 12_5),CA,WiFi,newsnet.org,2025-04-14T19:29:24,77,1.48,0.43,,0.181,False,False,False
2747e968-751a-4d11-80a9-e0cb829099fe,cmp_004,native,mobile,c3a76aaa3417488b,Windows,Edge,Mozilla/5.0 (iPhone; CPU iPhone OS 16_0 like Mac OS X),BR,5G,shopnow.com,2025-04-14T21:26:48,110,1.06,1.34,1.21,0.098,True,False,False
d9d87083-cf07-484b-9e29-66ac20428909,cmp_004,banner,mobile,375b9075ba2541ef,Windows,Edge,Mozilla/5.0 (Windows NT 10.0; Win64; x64),US,5G,newsnet.org,2025-04-14T10:47:25,154,1.91,1.29,,0.037,False,False,False
1d3badc1-60a8-4e51-90f9-57d5afbf815b,cmp_010,banner,desktop,334038a7d40e4479,macOS,Safari,Mozilla/5.0 (Linux; Android 13; Pixel 6),CA,3G,example.com,2025-04-14T20:53:10,136,1.39,3.84,,0.039,False,False,False
caece88f-2067-4c56-922b-6aa5df90d892,cmp_017,native,mobile,6e3bc456eb69496a,macOS,Firefox,Mozilla/5.0 (iPhone; CPU iPhone OS 16_0 like Mac OS X),FR,5G,example.com,2025-04-14T06:02:57,112,0.48,1.95,,0.057,False,False,False
3fe5929a-b414-4a3d-9b0e-eeb5ec46d9fc,cmp_003,banner,tablet,4beefd949be94920,iOS,Safari,Mozilla/5.0 (Linux; Android 13; Pixel 6),BR,WiFi,newsnet.org,2025-04-14T05:01:26,115,1.07,0.32,,0.165,False,False,False
e67703d3-fddf-4389-9b5a-a27c37cac529,cmp_014,native,mobile,8faef65f312f4c26,Android,Safari,Mozilla/5.0 (Macintosh; Intel Mac OS X 12_5),JP,3G,example.com,2025-04-14T09:40:12,118,0.12,3.3,2.94,0.05,True,False,False
219b3ff6-3e89-4c48-b1bd-97541f2533e8,cmp_018,banner,mobile,d70afaf607634e86,Android,Firefox,Mozilla/5.0 (iPhone; CPU iPhone OS 16_0 like Mac OS X),FR,WiFi,shopnow.com,2025-04-14T17:02:04,125,1.96,3.04,,0.142,False,False,False
7e5c617b-9391-4ce4-939a-39534940ce46,cmp_003,video,mobile,e08d95bf0340462e,iOS,Edge,Mozilla/5.0 (Macintosh; Intel Mac OS X 12_5),BR,4G,funmedia.co,2025-04-14T23:44:08,106,1.98,2.98,,0.054,False,False,False
eb6eaf0f-cc13-4bd2-8c39-816a128f7a03,cmp_002,native,mobile,b43e7919a40e43ab,Windows,Edge,Mozilla/5.0 (iPhone; CPU iPhone OS 16_0 like Mac OS X),IN,4G,newsnet.org,2025-04-14T21:19:15,103,0.49,0.84,,0.017,False,False,False
fd1b4a19-8ad4-4d3d-81b2-b3fc4ef062e6,cmp_017,video,mobile,df1f8122610f4e2f,Windows,Chrome,Mozilla/5.0 (iPhone; CPU iPhone OS 16_0 like Mac OS X),BR,4G,sportsbuzz.io,2025-04-14T16:28:47,117,0.2,1.11,,0.184,False,False,False
759df354-8b78-4630-a765-d98cdd5906c5,cmp_006,banner,desktop,a1a0deaae44547d1,iOS,Chrome,Mozilla/5.0 (Windows NT 10.0; Win64; x64),AU,WiFi,sportsbuzz.io,2025-04-14T20:44:46,93,0.47,0.44,,0.131,False,False,False
6ee731e5-f83c-4c53-b095-7d74a4a668f8,cmp_008,banner,mobile,39e613144bb44615,iOS,Edge,Mozilla/5.0 (Linux; Android 13; Pixel 6),JP,WiFi,shopnow.com,2025-04-14T03:13:08,102,0.44,1.3,,0.057,False,False,False
24152790-a39e-4b23-8389-35ed4e98c9f8,cmp_012,video,desktop,9138ac7b41b947ff,macOS,Safari,Mozilla/5.0 (iPhone; CPU iPhone OS 16_0 like Mac OS X),FR,5G,sportsbuzz.io,2025-04-14T12:40:12,164,1.26,2.17,2.12,0.092,True,False,False
99df0ed2-ac4f-4501-92f1-77bcef963c02,cmp_018,banner,desktop,e73aa1ea16f9476b,Windows,Edge,Mozilla/5.0 (Linux; Android 13; Pixel 6),DE,5G,newsnet.org,2025-04-14T19:27:54,92,0.24,3.07,,0.036,False,False,False
ff865cc5-80ec-4e74-8507-21342dc9be9a,cmp_013,banner,desktop,197274bb12fc4c70,macOS,Firefox,Mozilla/5.0 (Macintosh; Intel Mac OS X 12_5),BR,4G,sportsbuzz.io,2025-04-14T04:12:00,128,1.98,1.61,,0.024,False,False,False
f803a743-3cbb-4108-9968-0fc20e16d246,cmp_014,video,tablet,8c3139c7b86648e4,Windows,Edge,Mozilla/5.0 (Linux; Android 13; Pixel 6),UK,WiFi,funmedia.co,2025-04-14T21:58:07,113,0.91,1.99,,0.057,False,False,False
f6583bed-00d0-4dbd-91fa-83d4a6ccfdba,cmp_020,native,desktop,6c442415bdc54ef8,Android,Firefox,Mozilla/5.0 (Windows NT 10.0; Win64; x64),UK,4G,sportsbuzz.io,2025-04-14T21:23:40,128,1.36,2.93,2.13,0.041,True,False,False
6dd090a0-7341-4ef2-81e4-990ab154e12e,cmp_006,banner,mobile,abd88dd2fecb4f01,Windows,Firefox,Mozilla/5.0 (Macintosh; Intel Mac OS X 12_5),IN,5G,sportsbuzz.io,2025-04-14T10:45:37,59,1.49,2.97,,0.153,False,False,False
e0ae786f-5389-4486-b3a5-a9c24053471f,cmp_009,native,desktop,825ff31c33f34ea7,macOS,Firefox,Mozilla/5.0 (Linux; Android 13; Pixel 6),BR,2G,newsnet.org,2025-04-14T21:06:40,107,1.03,0.93,,0.028,False,False,False
04d50908-0d37-4730-bace-dc467deb9281,cmp_006,video,desktop,b4e0d9966a7a4207,Android,Safari,Mozilla/5.0 (Linux; Android 13; Pixel 6),AU,4G,funmedia.co,2025-04-14T19:26:33,150,1.65,2.31,1.74,0.045,True,False,False
343535e7-0bec-48cc-98aa-9ecfcb3be53b,cmp_003,video,mobile,d69de88b101c4dcb,iOS,Edge,Mozilla/5.0 (Linux; Android 13; Pixel 6),CA,3G,funmedia.co,2025-04-14T07:57:55,186,0.16,0.41,,0.055,False,False,False
2060de75-5191-49f0-8c77-f68d9884ed83,cmp_004,video,desktop,56212557c8d747e7,iOS,Edge,Mozilla/5.0 (iPhone; CPU iPhone OS 16_0 like Mac OS X),US,WiFi,newsnet.org,2025-04-14T19:00:03,171,1.0,4.67,,0.074,False,False,False
b87eb5dd-4756-4eb1-b10f-9ff539babe87,cmp_013,video,desktop,6df8138851824b6d,iOS,Firefox,Mozilla/5.0 (Macintosh; Intel Mac OS X 12_5),BR,WiFi,shopnow.com,2025-04-14T10:56:21,116,0.11,4.05,,0.175,False,False,False
7818bad5-c936-4757-acab-151e3c620789,cmp_008,banner,desktop,8ba5973c22ec45ae,macOS,Edge,Mozilla/5.0 (Windows NT 10.0; Win64; x64),JP,5G,funmedia.co,2025-04-14T20:59:08,119,1.89,3.23,,0.071,False,False,False
f15ffd17-b4be-4d4c-9d55-b835e9f4d35f,cmp_013,video,desktop,a75d2f0559764c2f,iOS,Firefox,Mozilla/5.0 (Macintosh; Intel Mac OS X 12_5),IN,5G,shopnow.com,2025-04-14T21:51:47,118,1.87,4.66,,0.198,False,False,False
0a53fe14-82cc-4476-882e-6c6ed61c847d,cmp_005,video,desktop,083344a0da6242a9,iOS,Firefox,Mozilla/5.0 (iPhone; CPU iPhone OS 16_0 like Mac OS X),UK,WiFi,sportsbuzz.io,2025-04-14T21:46:24,209,1.8,2.39,,0.191,False,False,False
8249749a-ea85-4abc-a4b2-f598b2d35c68,cmp_014,banner,desktop,a2a3be1d936249ae,Android,Firefox,Mozilla/5.0 (iPhone; CPU iPhone OS 16_0 like Mac OS X),CA,WiFi,example.com,2025-04-14T15:15:13,118,0.52,3.85,,0.059,False,False,False
8ee83302-2c56-4ba2-8ce2-fbb7629b579f,cmp_011,banner,tablet,e68a6e4aa3e145d0,iOS,Firefox,Mozilla/5.0 (iPhone; CPU iPhone OS 16_0 like Mac OS X),FR,4G,newsnet.org,2025-04-14T21:07:42,110,1.32,1.97,,0.117,False,False,False
1d9827a5-2cfb-4835-a1b6-c8123fc49bed,cmp_011,banner,mobile,2eaaac1e16744879,Android,Chrome,Mozilla/5.0 (iPhone; CPU iPhone OS 16_0 like Mac OS X),CA,5G,shopnow.com,2025-04-14T20:14:16,72,0.7,0.72,,0.082,False,False,False
650c37f5-a40c-4b99-8de0-8be20f230f1a,cmp_012,banner,desktop,4a1860da2dfa43e2,Android,Chrome,Mozilla/5.0 (Windows NT 10.0; Win64; x64),AU,4G,newsnet.org,2025-04-14T08:37:34,88,1.89,0.81,,0.169,False,False,False
362b9305-0a58-45c1-aa79-38520fde1b66,cmp_010,native,mobile,9190b1a0cfb04b96,iOS,Firefox,Mozilla/5.0 (Windows NT 10.0; Win64; x64),US,WiFi,shopnow.com,2025-04-14T13:29:09,112,1.01,3.56,,0.167,False,False,False
98f16075-9d3b-4545-9cf3-841950e1910c,cmp_002,video,mobile,313e159cd641450e,macOS,Edge,Mozilla/5.0 (Linux; Android 13; Pixel 6),IN,4G,newsnet.org,2025-04-14T18:24:03,146,0.14,0.88,,0.085,False,False,False
091bcf92-03d4-48e2-b302-f1559b3d4b58,cmp_010,video,mobile,f057ec7034f6463a,macOS,Chrome,Mozilla/5.0 (Windows NT 10.0; Win64; x64),JP,3G,newsnet.org,2025-04-14T13:22:48,59,1.2,3.79,,0.163,False,False,False
3485456b-b746-46ab-abfe-4b65f1c462fb,cmp_010,banner,mobile,607ddf3d2f894f1b,Android,Safari,Mozilla/5.0 (Macintosh; Intel Mac OS X 12_5),FR,WiFi,newsnet.org,2025-04-14T18:29:41,135,1.73,1.87,,0.029,False,False,False
e434d210-3d30-4523-8dab-14a07c71d361,cmp_012,native,desktop,23d6ae2c0fc0449a,Android,Chrome,Mozilla/5.0 (iPhone; CPU iPhone OS 16_0 like Mac OS X),US,3G,sportsbuzz.io,2025-04-14T21:24:27,161,0.74,2.63,2.39,0.092,True,False,False
cb6cfdcd-285c-4592-b086-80ca046278f6,cmp_003,video,desktop,5ab6741bb25f4c4a,macOS,Firefox,Mozilla/5.0 (Macintosh; Intel Mac OS X 12_5),UK,WiFi,sportsbuzz.io,2025-04-14T03:25:31,116,0.33,0.67,,0.132,False,False,False
84ce3d01-51fd-4a43-b751-75eb3441fbd9,cmp_013,native,mobile,eb7373c8c7774ba8,macOS,Firefox,Mozilla/5.0 (Linux; Android 13; Pixel 6),CA,5G,sportsbuzz.io,2025-04-14T06:37:36,122,0.22,0.59,,0.183,False,False,False
fed182d9-f3a6-4272-8a3b-e89ee84dced1,cmp_003,banner,mobile,827ceff5cbec4dba,iOS,Safari,Mozilla/5.0 (Macintosh; Intel Mac OS X 12_5),JP,WiFi,shopnow.com,2025-04-14T05:52:44,135,0.44,3.04,,0.115,False,False,False
dc564bf9-f015-43e5-bd9a-d8308c0fbdec,cmp_002,banner,desktop,0a8efb00d4a74f2a,iOS,Firefox,Mozilla/5.0 (Windows NT 10.0; Win64; x64),CA,4G,example.com,2025-04-14T03:08:36,109,0.9,2.77,2.18,0.19,True,False,False
1245328c-6fea-4b9f-91ab-f52de19577ee,cmp_011,native,mobile,0885820133244fe2,Windows,Safari,Mozilla/5.0 (Macintosh; Intel Mac OS X 12_5),UK,WiFi,shopnow.com,2025-04-14T14:50:18,115,0.37,0.28,,0.173,False,False,False
32928863-8410-4571-904a-fbfc80cd7e51,cmp_005,native,mobile,9b1f772043164e52,macOS,Chrome,Mozilla/5.0 (Windows NT 10.0; Win64; x64),BR,5G,shopnow.com,2025-04-14T06:08:38,112,1.33,1.38,,0.041,False,False,False
0256253a-d850-460e-a9d9-c49c60f79451,cmp_009,native,mobile,34d6624fb01f4437,Windows,Safari,Mozilla/5.0 (iPhone; CPU iPhone OS 16_0 like Mac OS X),IN,4G,newsnet.org,2025-04-14T22:43:27,173,0.15,2.22,1.63,0.125,True,True,False
6ccc6130-1262-49ee-8919-d829200d5ef7,cmp_008,video,tablet,ad3a83d62de74868,iOS,Chrome,Mozilla/5.0 (Linux; Android 13; Pixel 6),DE,4G,funmedia.co,2025-04-14T01:40:05,197,0.82,4.85,,0.03,False,False,False
031ac341-ea0f-454a-a7c5-14d20d89e4a4,cmp_017,video,mobile,5d245abf067f4c59,Windows,Firefox,Mozilla/5.0 (iPhone; CPU iPhone OS 16_0 like Mac OS X),FR,WiFi,funmedia.co,2025-04-14T04:46:56,135,0.84,4.74,,0.076,False,False,False
68aae5cb-2e1d-4b35-b556-a97ea0b3a4d7,cmp_019,native,desktop,03a6dc5f8aa74757,Windows,Chrome,Mozilla/5.0 (Macintosh; Intel Mac OS X 12_5),AU,WiFi,newsnet.org,2025-04-14T23:34:35,109,1.35,3.59,,0.037,False,False,False
7eb6d280-38cd-4cb9-a126-bced20cf6bfb,cmp_015,native,tablet,5c32ee82d9734e2f,macOS,Firefox,Mozilla/5.0 (Macintosh; Intel Mac OS X 12_5),IN,WiFi,newsnet.org,2025-04-14T07:58:46,96,1.89,2.2,,0.177,False,False,False
5fac837a-d320-4c12-9b1b-7926f95232b1,cmp_003,video,mobile,f8b2025b0d264869,Android,Chrome,Mozilla/5.0 (iPhone; CPU iPhone OS 16_0 like Mac OS X),BR,4G,example.com,2025-04-14T08:54:05,120,1.51,0.38,,0.115,False,False,False
445ba7fd-c925-43c2-9452-198ff1303749,cmp_016,video,desktop,66b991c3a53e47b1,iOS,Edge,Mozilla/5.0 (Macintosh; Intel Mac OS X 12_5),UK,2G,shopnow.com,2025-04-14T13:55:00,141,0.91,0.14,,0.112,False,False,False
f7a0ac1b-f29e-449d-9675-de28f88ce3c2,cmp_006,native,desktop,d12efdb40f7d470e,Android,Safari,Mozilla/5.0 (Macintosh; Intel Mac OS X 12_5),US,3G,shopnow.com,2025-04-14T09:47:42,173,1.08,4.21,,0.191,False,False,False
efc00e85-8b94-4b92-8f38-fcdd825b0f0c,cmp_010,video,tablet,85bf00d30ecb46ef,macOS,Firefox,Mozilla/5.0 (iPhone; CPU iPhone OS 16_0 like Mac OS X),IN,4G,funmedia.co,2025-04-14T10:23:07,162,1.85,2.03,,0.187,False,False,False
b0dcfa34-a901-4bea-9e54-fefadf469519,cmp_012,video,desktop,30a76c5e4e5c431a,macOS,Firefox,Mozilla/5.0 (iPhone; CPU iPhone OS 16_0 like Mac OS X),FR,4G,example.com,2025-04-14T14:57:02,121,0.76,0.63,,0.147,False,False,False
535b9f8e-d968-48f1-b7c3-0c999c6c330e,cmp_014,video,mobile,24bb34d0e6784dd8,macOS,Chrome,Mozilla/5.0 (Linux; Android 13; Pixel 6),CA,3G,example.com,2025-04-14T11:00:06,108,0.67,2.04,1.91,0.091,True,False,False
a3cfddd0-3b7e-4bba-a1fd-fe7279f8c950,cmp_012,banner,mobile,b805a5f071d44c52,iOS,Safari,Mozilla/5.0 (iPhone; CPU iPhone OS 16_0 like Mac OS X),AU,4G,newsnet.org,2025-04-14T12:53:28,102,0.9,0.76,,0.073,False,False,False
cf1b982c-8f65-4df6-bed0-2a7b52c0c419,cmp_014,video,tablet,c7ae016fe2b74f34,macOS,Safari,Mozilla/5.0 (iPhone; CPU iPhone OS 16_0 like Mac OS X),DE,4G,sportsbuzz.io,2025-04-14T00:42:12,126,1.85,2.56,,0.17,False,False,False
04a5a21d-876d-44fc-aa2a-0f1e6c702b08,cmp_008,banner,mobile,b0f39e46e2ee4d75,Windows,Edge,Mozilla/5.0 (iPhone; CPU iPhone OS 16_0 like Mac OS X),BR,WiFi,example.com,2025-04-14T03:06:50,58,0.93,3.71,,0.065,False,False,False
d9cb95f4-efd6-4097-97b8-335ea4ad2724,cmp_009,banner,desktop,667a661409a94431,Windows,Safari,Mozilla/5.0 (Linux; Android 13; Pixel 6),UK,WiFi,example.com,2025-04-14T19:15:39,89,0.3,3.94,,0.149,False,False,False
2e2c6fc4-38a8-4bca-9164-ab8589ea5d3c,cmp_005,native,desktop,e7cfe31523264503,iOS,Firefox,Mozilla/5.0 (iPhone; CPU iPhone OS 16_0 like Mac OS X),IN,WiFi,sportsbuzz.io,2025-04-14T05:54:37,135,0.91,4.65,3.32,0.127,True,False,False
89c9b61d-507c-478d-80a9-9a47d175613c,cmp_017,banner,mobile,0da861b3a1d0437e,iOS,Firefox,Mozilla/5.0 (iPhone; CPU iPhone OS 16_0 like Mac OS X),FR,3G,sportsbuzz.io,2025-04-14T08:40:14,73,0.57,3.59,2.51,0.18,True,False,False
1d0f0f7c-3a14-4ed8-9620-258372979a13,cmp_006,video,tablet,dd0f94537111427a,macOS,Firefox,Mozilla/5.0 (Macintosh; Intel Mac OS X 12_5),CA,4G,funmedia.co,2025-04-14T09:18:30,174,1.37,0.65,,0.14,False,False,False
6f9cdc1d-2344-4018-91d2-65ac71f4906e,cmp_008,video,desktop,6d411d14b4594a77,Android,Edge,Mozilla/5.0 (Windows NT 10.0; Win64; x64),BR,3G,funmedia.co,2025-04-14T19:08:21,153,0.18,3.05,,0.194,False,False,False
fe984507-1f66-484c-8fb8-90595a7570d0,cmp_010,video,tablet,54fd1ebd614046ae,Android,Safari,Mozilla/5.0 (Windows NT 10.0; Win64; x64),CA,2G,sportsbuzz.io,2025-04-14T20:12:45,146,1.15,1.04,,0.058,False,False,False
419f7626-ff66-4175-926e-31e058d46fb8,cmp_004,native,tablet,7296a16572574323,iOS,Edge,Mozilla/5.0 (Macintosh; Intel Mac OS X 12_5),BR,4G,sportsbuzz.io,2025-04-14T21:54:54,152,1.24,0.21,,0.142,False,False,False
7be3e72f-5f22-4951-ad9c-a17067f81f62,cmp_016,banner,desktop,bd32b3b6c8ac4bae,iOS,Safari,Mozilla/5.0 (Macintosh; Intel Mac OS X 12_5),IN,5G,shopnow.com,2025-04-14T03:02:36,105,1.17,2.6,,0.084,False,False,False
14530cd1-3b28-47d3-8bfb-569aa47db4b3,cmp_017,native,mobile,89585877541c4984,Windows,Firefox,Mozilla/5.0 (Macintosh; Intel Mac OS X 12_5),US,WiFi,shopnow.com,2025-04-14T05:00:10,113,0.53,0.68,,0.111,False,False,False
211710f0-aefe-4b9a-a851-5eea05e6b45b,cmp_007,banner,mobile,0f0c1ac208b04cd8,iOS,Chrome,Mozilla/5.0 (Linux; Android 13; Pixel 6),US,WiFi,shopnow.com,2025-04-14T17:56:17,143,1.95,3.2,,0.072,False,False,False
b1445fd9-22ed-41d3-b6c9-33c1c8e8171e,cmp_002,banner,mobile,e025b4ca302b422c,Windows,Safari,Mozilla/5.0 (Windows NT 10.0; Win64; x64),DE,WiFi,example.com,2025-04-14T21:16:46,116,1.35,0.18,,0.175,False,False,False
510a155e-76a1-4473-bb56-b70237282e00,cmp_020,native,desktop,b415c566dc9d43f8,Android,Edge,Mozilla/5.0 (Windows NT 10.0; Win64; x64),AU,4G,shopnow.com,2025-04-14T22:37:06,143,1.21,1.42,,0.163,False,False,False
90dbaf71-9507-43db-8854-317458e3f5b7,cmp_003,native,mobile,d1fae4e7fe554124,Android,Edge,Mozilla/5.0 (Macintosh; Intel Mac OS X 12_5),UK,4G,sportsbuzz.io,2025-04-14T04:14:46,133,1.49,2.5,1.87,0.133,True,False,False
09d100d8-2c67-4292-922d-3b691f186a60,cmp_015,banner,mobile,65e417a88fdb4805,iOS,Safari,Mozilla/5.0 (Linux; Android 13; Pixel 6),AU,WiFi,sportsbuzz.io,2025-04-14T11:38:12,105,1.25,4.06,3.82,0.082,True,False,False
2a042d0a-3ace-42ab-b1e7-4acf90b04e5c,cmp_020,banner,desktop,72ead3832c3f4ca1,iOS,Chrome,Mozilla/5.0 (Linux; Android 13; Pixel 6),DE,5G,example.com,2025-04-14T18:02:08,144,0.36,0.52,,0.154,False,False,False
0cf74129-1bd1-4412-ba63-66029e263e26,cmp_018,video,mobile,f85757876e794e35,iOS,Chrome,Mozilla/5.0 (Windows NT 10.0; Win64; x64),US,3G,example.com,2025-04-14T20:19:21,67,1.07,1.55,1.5,0.169,True,True,False
0f0c1330-f530-460d-8299-262b6265eb3b,cmp_016,banner,tablet,3c8001776fec4bb3,iOS,Safari,Mozilla/5.0 (iPhone; CPU iPhone OS 16_0 like Mac OS X),AU,3G,newsnet.org,2025-04-14T04:41:18,147,0.32,3.12,,0.185,False,False,False
7d9d6a9e-a695-46ec-8354-7784ba2088fb,cmp_014,banner,mobile,e6445250d59548fe,Windows,Firefox,Mozilla/5.0 (Linux; Android 13; Pixel 6),BR,4G,newsnet.org,2025-04-14T21:38:09,112,1.84,0.61,,0.136,False,False,False
8bb6e082-3426-48c9-9186-a869780ec3ba,cmp_005,native,desktop,3e715a39a4d24b22,Android,Edge,Mozilla/5.0 (Linux; Android 13; Pixel 6),US,5G,funmedia.co,2025-04-14T22:51:58,144,0.32,4.09,,0.091,False,False,False
d585445f-b7c4-4b5c-92c7-4fb7afc97104,cmp_016,banner,desktop,822d6771843d4bfa,macOS,Edge,Mozilla/5.0 (Windows NT 10.0; Win64; x64),BR,WiFi,sportsbuzz.io,2025-04-14T04:20:08,41,0.36,3.22,,0.189,False,False,False
506ba168-144c-40f4-941c-3b42d7db1296,cmp_013,native,mobile,1c71bb0b48c04cee,macOS,Safari,Mozilla/5.0 (Linux; Android 13; Pixel 6),JP,WiFi,example.com,2025-04-14T10:35:31,120,0.13,4.97,,0.116,False,False,False
e89e8324-6fa1-49d2-aa9d-7bfb77769691,cmp_015,video,mobile,f414358395b447fe,macOS,Safari,Mozilla/5.0 (Windows NT 10.0; Win64; x64),UK,4G,newsnet.org,2025-04-14T21:03:58,122,1.52,1.2,,0.032,False,False,False
1b245cb8-56a2-4b01-a779-9ed621ce8e44,cmp_002,native,mobile,ab1c1fc544c74ca5,iOS,Edge,Mozilla/5.0 (Windows NT 10.0; Win64; x64),AU,WiFi,example.com,2025-04-14T18:09:24,125,0.25,1.89,,0.025,False,False,False
dab1be08-9efd-42b1-9967-61379ee08151,cmp_016,banner,mobile,0628ec7ff4c440c1,Windows,Edge,Mozilla/5.0 (Windows NT 10.0; Win64; x64),UK,WiFi,sportsbuzz.io,2025-04-14T20:09:48,115,0.64,3.51,,0.04,False,False,False
9d7536b5-fce7-4b79-b923-6a1463031a10,cmp_015,native,mobile,94f1186366db4835,Windows,Firefox,Mozilla/5.0 (Macintosh; Intel Mac OS X 12_5),AU,WiFi,shopnow.com,2025-04-14T00:48:11,104,1.09,4.87,3.71,0.196,True,False,False
03b71045-ce9e-49e8-85d2-2ebdf74dc5ee,cmp_016,native,tablet,16ae2afe34c54ca0,macOS,Edge,Mozilla/5.0 (Macintosh; Intel Mac OS X 12_5),CA,4G,funmedia.co,2025-04-14T06:11:52,128,1.33,4.04,2.92,0.047,True,False,False
a0fc58d2-deb9-4ba3-8084-887a9826a32f,cmp_007,video,mobile,06e39df96ad248b6,iOS,Firefox,Mozilla/5.0 (iPhone; CPU iPhone OS 16_0 like Mac OS X),CA,4G,shopnow.com,2025-04-14T20:01:15,141,0.26,1.28,1.26,0.118,True,False,False
5a5e41c9-6fed-481a-8d41-a8df84d04783,cmp_017,banner,tablet,c5504c522f984749,Windows,Edge,Mozilla/5.0 (Macintosh; Intel Mac OS X 12_5),DE,WiFi,newsnet.org,2025-04-14T01:05:19,186,1.44,4.87,,0.029,False,False,False
25fccdf9-a522-42f1-9715-fcac0eaa8354,cmp_019,banner,mobile,937c33be78ab419e,Windows,Safari,Mozilla/5.0 (Macintosh; Intel Mac OS X 12_5),AU,3G,example.com,2025-04-14T19:06:32,59,1.47,0.56,,0.178,False,False,False
3333c542-7a63-4d8e-8215-a60645d005ca,cmp_015,native,mobile,a78c8cf08ae947cb,Windows,Firefox,Mozilla/5.0 (Windows NT 10.0; Win64; x64),JP,4G,newsnet.org,2025-04-14T20:41:09,134,0.92,4.29,,0.179,False,False,False
298b5531-df82-4ef5-8ebc-f8f8831c71a0,cmp_004,native,mobile,f8a833a264b44e5b,Android,Firefox,Mozilla/5.0 (Macintosh; Intel Mac OS X 12_5),UK,5G,example.com,2025-04-14T10:13:39,171,0.28,0.53,,0.07,False,False,False
17aa1468-cd3b-4d85-9c20-7be07078beab,cmp_015,video,mobile,d63125d8cea94e1f,macOS,Firefox,Mozilla/5.0 (Linux; Android 13; Pixel 6),CA,WiFi,funmedia.co,2025-04-14T04:17:36,110,1.86,2.27,,0.189,False,False,False
49158848-4c6d-4cfc-adda-ebd411bc2651,cmp_012,video,mobile,35ef0320ee4a4b52,Windows,Firefox,Mozilla/5.0 (Macintosh; Intel Mac OS X 12_5),UK,3G,shopnow.com,2025-04-14T13:23:54,92,1.98,4.4,,0.018,False,False,False
db923889-3993-4680-a914-271b91108f2f,cmp_004,native,desktop,9f3ccf3bafb246de,macOS,Safari,Mozilla/5.0 (Linux; Android 13; Pixel 6),US,5G,funmedia.co,2025-04-14T01:50:15,137,0.52,4.28,,0.176,False,False,False
bfcdb271-2cfd-4ab1-9092-29dcc087b160,cmp_003,native,tablet,800ba679264d4821,iOS,Edge,Mozilla/5.0 (iPhone; CPU iPhone OS 16_0 like Mac OS X),FR,WiFi,newsnet.org,2025-04-14T09:29:41,128,1.99,1.65,,0.102,False,False,False
d114d65b-2610-443f-919f-69dcfc9fac87,cmp_016,video,mobile,09f0bfff3d6a4e15,Android,Firefox,Mozilla/5.0 (Linux; Android 13; Pixel 6),JP,5G,newsnet.org,2025-04-14T18:30:07,145,1.57,4.94,,0.022,False,False,False
d6eff4c7-5779-4a82-9039-ec86fa627af8,cmp_009,banner,mobile,38886c89631e48f4,Android,Chrome,Mozilla/5.0 (Macintosh; Intel Mac OS X 12_5),US,3G,funmedia.co,2025-04-14T20:30:13,118,0.96,4.38,4.2,0.09,True,False,False
f7c533f8-ab12-4c2f-aa36-5dc76274d18c,cmp_007,video,mobile,5b12e9bbe90845c9,macOS,Edge,Mozilla/5.0 (Linux; Android 13; Pixel 6),DE,5G,funmedia.co,2025-04-14T01:57:57,132,0.41,3.48,,0.142,False,False,False
d7c48367-0dd5-45be-a2c8-c30479b33279,cmp_019,banner,mobile,91d79c5c17cb4af6,Android,Firefox,Mozilla/5.0 (iPhone; CPU iPhone OS 16_0 like Mac OS X),IN,WiFi,shopnow.com,2025-04-14T18:24:52,142,1.49,4.14,,0.013,False,False,False
f553cd8c-eac2-4cc9-9981-2ed6b4accd1c,cmp_017,video,mobile,1a5c233db2074765,macOS,Safari,Mozilla/5.0 (Windows NT 10.0; Win64; x64),AU,WiFi,example.com,2025-04-14T22:31:55,76,1.2,3.23,,0.017,False,False,False
6188ef3c-c875-40a9-b49d-8241aa6800d7,cmp_007,banner,desktop,a409bd9bbc854964,iOS,Firefox,Mozilla/5.0 (Windows NT 10.0; Win64; x64),IN,WiFi,newsnet.org,2025-04-14T05:44:34,184,1.75,2.56,,0.143,False,False,False
11c16bb4-b202-448b-a354-c2d8eb14a36f,cmp_004,video,desktop,b5c163e1d7364073,macOS,Edge,Mozilla/5.0 (Windows NT 10.0; Win64; x64),AU,4G,newsnet.org,2025-04-14T12:26:22,126,0.41,2.81,,0.093,False,False,False
6b0ea33c-5def-44d5-84d8-582f7c23ac43,cmp_004,native,mobile,0ebd11e877dc45c9,iOS,Edge,Mozilla/5.0 (iPhone; CPU iPhone OS 16_0 like Mac OS X),CA,3G,example.com,2025-04-14T18:43:27,120,1.3,2.77,,0.106,False,False,False
4c7da67d-2b7d-45a0-9322-c452b8543cbd,cmp_004,banner,mobile,521e3ffca65d4b0c,macOS,Chrome,Mozilla/5.0 (Macintosh; Intel Mac OS X 12_5),FR,4G,newsnet.org,2025-04-14T18:54:26,78,0.98,3.99,,0.183,False,False,False
9edff5e9-0069-420a-9e8c-81fd22d43277,cmp_009,video,desktop,5533c2eb9e9e4147,Windows,Edge,Mozilla/5.0 (Windows NT 10.0; Win64; x64),JP,WiFi,funmedia.co,2025-04-14T19:25:00,186,0.15,0.26,,0.16,False,False,False
e3db9155-b1d9-499b-9ea9-b6e61c8305b6,cmp_018,video,mobile,81bdb4ae181e4b69,Android,Edge,Mozilla/5.0 (Linux; Android 13; Pixel 6),AU,WiFi,sportsbuzz.io,2025-04-14T14:47:38,122,1.2,4.03,,0.034,False,False,False
825271fb-b461-4177-98e4-3ed648379bd0,cmp_004,video,mobile,7eeabaaf08b94750,iOS,Edge,Mozilla/5.0 (Linux; Android 13; Pixel 6),AU,WiFi,newsnet.org,2025-04-14T23:11:25,104,1.9,2.81,2.32,0.049,True,False,False
fd74d6aa-8c3f-498d-be6a-4bd8a854b8e3,cmp_001,native,mobile,d0d824e110d544b5,macOS,Firefox,Mozilla/5.0 (Macintosh; Intel Mac OS X 12_5),CA,4G,newsnet.org,2025-04-14T16:01:39,103,0.52,3.3,,0.047,False,False,False
45b1c5c7-d712-45f3-9b13-4a0ba857293f,cmp_003,video,desktop,dc1f62eb1e0f4fda,iOS,Chrome,Mozilla/5.0 (Windows NT 10.0; Win64; x64),US,3G,newsnet.org,2025-04-14T19:51:50,134,0.6,0.79,0.75,0.044,True,False,False
da33b53d-bd8b-416f-9276-2538d5c0afd4,cmp_007,banner,mobile,bc86b2cc3d684cd4,macOS,Firefox,Mozilla/5.0 (iPhone; CPU iPhone OS 16_0 like Mac OS X),FR,WiFi,sportsbuzz.io,2025-04-14T05:06:31,113,0.41,2.31,,0.067,False,False,False
ab0cf2c2-c791-4f97-bccb-04afe2820b32,cmp_016,banner,mobile,3824a32a17a04ab3,iOS,Safari,Mozilla/5.0 (Windows NT 10.0; Win64; x64),BR,5G,shopnow.com,2025-04-14T18:40:38,120,1.12,3.07,,0.108,False,False,False
eae7b339-52e6-45d5-899a-6abd171f088c,cmp_003,banner,mobile,006365c3dbd2430a,Windows,Firefox,Mozilla/5.0 (Linux; Android 13; Pixel 6),UK,5G,newsnet.org,2025-04-14T06:23:07,135,0.76,4.77,,0.115,False,False,False
05bb0d4b-9caa-4378-92ad-00d21368d128,cmp_006,native,tablet,20586c416573484b,Windows,Edge,Mozilla/5.0 (Windows NT 10.0; Win64; x64),IN,3G,newsnet.org,2025-04-14T19:31:27,131,0.49,0.91,,0.147,False,False,False
24079ec1-023d-4964-b7c6-7b28dcdc8b24,cmp_014,video,desktop,8bf60a89150748e5,Windows,Firefox,Mozilla/5.0 (Macintosh; Intel Mac OS X 12_5),CA,WiFi,newsnet.org,2025-04-14T12:38:47,82,0.95,4.11,,0.179,False,False,False
e1e190b9-d188-4c93-8641-a2a366d0f8ff,cmp_013,native,desktop,633768a6d3cc4c39,iOS,Safari,Mozilla/5.0 (Windows NT 10.0; Win64; x64),JP,WiFi,example.com,2025-04-14T07:26:18,103,0.51,1.3,1.03,0.081,True,True,False
7aff3fe9-aa95-43fe-9ed9-3d6764d53b54,cmp_013,native,desktop,3cdd72dcf28f4584,Android,Safari,Mozilla/5.0 (iPhone; CPU iPhone OS 16_0 like Mac OS X),IN,3G,funmedia.co,2025-04-14T19:13:29,128,1.26,1.46,,0.178,False,False,False
36cc18a2-f712-42f2-ada1-3006d4d900f4,cmp_011,video,desktop,33f789c972984a7b,Android,Chrome,Mozilla/5.0 (Windows NT 10.0; Win64; x64),AU,WiFi,newsnet.org,2025-04-14T02:57:41,29,0.34,2.16,,0.043,False,False,False
a74f630c-c2c1-4166-b960-f3633f3fdde8,cmp_010,video,mobile,2c3460249b8c4021,macOS,Chrome,Mozilla/5.0 (Macintosh; Intel Mac OS X 12_5),US,WiFi,newsnet.org,2025-04-14T10:36:01,121,0.17,4.6,3.35,0.133,True,False,False
2e556ba1-61c2-4eea-bd08-38bff61865ae,cmp_016,video,mobile,5e18429fd24c408a,iOS,Edge,Mozilla/5.0 (Windows NT 10.0; Win64; x64),JP,4G,shopnow.com,2025-04-14T19:17:20,155,1.83,3.24,,0.17,False,False,False
be27c94a-2481-48e3-b1ae-0fc556e8e804,cmp_008,banner,mobile,41a3616dba964e2b,iOS,Safari,Mozilla/5.0 (Macintosh; Intel Mac OS X 12_5),BR,WiFi,newsnet.org,2025-04-14T02:14:03,116,1.65,4.08,3.67,0.112,True,True,False
1ee7a5dc-f196-4f24-8656-a5c9a75122c2,cmp_006,banner,mobile,6c327b151a314550,macOS,Chrome,Mozilla/5.0 (Windows NT 10.0; Win64; x64),AU,3G,newsnet.org,2025-04-14T01:03:19,152,1.94,4.45,,0.089,False,False,False
237843c9-1f97-4216-a4b0-df4a6ce92c03,cmp_011,native,mobile,179244b87ac3404f,Android,Chrome,Mozilla/5.0 (Windows NT 10.0; Win64; x64),FR,4G,sportsbuzz.io,2025-04-14T03:33:15,82,0.26,1.55,,0.116,False,False,False
b547e5a1-5fb9-47ce-a734-7488f6353493,cmp_002,banner,desktop,a7c5f029d621485c,iOS,Safari,Mozilla/5.0 (Macintosh; Intel Mac OS X 12_5),CA,5G,newsnet.org,2025-04-14T18:47:54,94,1.65,1.77,,0.155,False,False,False
78801ecc-8165-4dba-9d99-dd2444c7f204,cmp_005,video,desktop,fecb39b707ae44bf,Windows,Edge,Mozilla/5.0 (iPhone; CPU iPhone OS 16_0 like Mac OS X),JP,WiFi,newsnet.org,2025-04-14T08:19:45,143,1.08,4.35,3.4,0.158,True,False,False
368860cd-be12-431e-860d-479343b0ce66,cmp_004,native,mobile,d492e2a330834c02,iOS,Edge,Mozilla/5.0 (iPhone; CPU iPhone OS 16_0 like Mac OS X),FR,4G,newsnet.org,2025-04-14T08:55:36,163,0.6,2.32,1.91,0.186,True,True,False
64739353-bdc7-48c9-aa3e-4e73b24876f9,cmp_014,video,mobile,30a267ce145a497e,Windows,Safari,Mozilla/5.0 (Macintosh; Intel Mac OS X 12_5),US,4G,newsnet.org,2025-04-14T14:03:28,128,1.11,3.01,,0.104,False,False,False
4424e10a-fa08-446f-8f21-bd2ca84516d0,cmp_019,banner,mobile,c1f9f98a523a456f,Android,Chrome,Mozilla/5.0 (iPhone; CPU iPhone OS 16_0 like Mac OS X),US,5G,funmedia.co,2025-04-14T18:41:15,110,0.87,3.53,3.31,0.085,True,False,False
9ec6b970-fae8-465e-b45b-499321d89610,cmp_001,banner,mobile,1599a9e55c754a14,Android,Edge,Mozilla/5.0 (Windows NT 10.0; Win64; x64),DE,WiFi,example.com,2025-04-14T13:10:50,181,1.41,4.28,,0.042,False,False,False
bd9f1900-1401-4ec7-96db-627648df6bc7,cmp_014,video,mobile,65ce25ed8de44407,iOS,Safari,Mozilla/5.0 (Macintosh; Intel Mac OS X 12_5),US,WiFi,funmedia.co,2025-04-14T04:21:57,133,0.12,3.83,,0.077,False,False,False
e595368a-9523-4902-9918-2c467c40d434,cmp_008,video,mobile,92bd2137af6c4c4d,Android,Safari,Mozilla/5.0 (Windows NT 10.0; Win64; x64),US,WiFi,shopnow.com,2025-04-14T00:55:15,108,1.63,0.59,,0.074,False,False,False
2da022fe-a179-485a-adf6-1be54b2e812e,cmp_015,video,desktop,9e5af85a3362437a,Windows,Firefox,Mozilla/5.0 (Windows NT 10.0; Win64; x64),DE,WiFi,example.com,2025-04-14T13:22:34,160,1.81,4.3,3.87,0.123,True,False,False
4e1e1ccc-88df-4fa2-87ec-b723954cc2a1,cmp_016,banner,desktop,10063c470a8f4092,Android,Edge,Mozilla/5.0 (Windows NT 10.0; Win64; x64),UK,4G,example.com,2025-04-14T00:26:54,87,0.47,3.75,,0.191,False,False,False
29d2dfac-9a90-4703-8d61-73be0510c9e1,cmp_009,native,mobile,904024914f634af3,Windows,Edge,Mozilla/5.0 (Linux; Android 13; Pixel 6),FR,WiFi,funmedia.co,2025-04-14T23:56:40,143,1.2,1.03,,0.143,False,False,False
8cc97e67-9e3f-440e-ae17-3fb39abf5644,cmp_004,video,mobile,06449c334c9445b5,macOS,Safari,Mozilla/5.0 (Windows NT 10.0; Win64; x64),BR,5G,example.com,2025-04-14T20:07:27,112,1.94,0.84,,0.129,False,False,False
c3f41e20-b21b-458b-907a-a2b70dfbeca1,cmp_015,video,mobile,e92d37cf15554e90,Android,Firefox,Mozilla/5.0 (iPhone; CPU iPhone OS 16_0 like Mac OS X),DE,WiFi,example.com,2025-04-14T18:19:31,145,0.77,0.12,,0.168,False,False,False
dc2d05b3-53b8-44b2-944f-a2f2ad418301,cmp_003,video,desktop,09056a1a55b441d4,Android,Safari,Mozilla/5.0 (Linux; Android 13; Pixel 6),JP,5G,funmedia.co,2025-04-14T01:08:22,144,0.65,4.6,,0.016,False,False,False
d19bb8e9-670d-4ed5-b803-2931d0cd8d3b,cmp_010,video,mobile,b3660100e3024edd,Windows,Safari,Mozilla/5.0 (Windows NT 10.0; Win64; x64),CA,5G,shopnow.com,2025-04-14T06:43:40,109,1.4,2.93,2.52,0.048,True,False,False
2ae2c00e-1438-4bce-9b25-c07dfb212227,cmp_014,native,mobile,051867074cf74bf5,Android,Edge,Mozilla/5.0 (Macintosh; Intel Mac OS X 12_5),UK,WiFi,example.com,2025-04-14T02:36:59,96,1.4,2.57,,0.078,False,False,False
e222b034-f404-4e75-b79a-9f513b8329af,cmp_003,banner,tablet,8672381c709b4ddc,Windows,Safari,Mozilla/5.0 (Macintosh; Intel Mac OS X 12_5),US,WiFi,newsnet.org,2025-04-14T13:26:29,91,1.77,4.51,,0.02,False,False,False
ea6e1d35-1161-44cc-b29a-f32d73524a1b,cmp_002,video,desktop,459d5ec48b0b4116,iOS,Firefox,Mozilla/5.0 (Macintosh; Intel Mac OS X 12_5),JP,WiFi,example.com,2025-04-14T03:42:00,150,0.73,3.28,,0.029,False,False,False
14291b44-2bb8-4952-9a5c-960ca5de7a2b,cmp_007,banner,mobile,9eabfd3be6b0496a,Android,Edge,Mozilla/5.0 (iPhone; CPU iPhone OS 16_0 like Mac OS X),JP,3G,shopnow.com,2025-04-14T13:21:55,154,1.29,0.86,,0.147,False,False,False
be8f46a2-2728-4568-9f99-2ecc03e1c186,cmp_001,native,desktop,7217d78aec994d3e,iOS,Chrome,Mozilla/5.0 (iPhone; CPU iPhone OS 16_0 like Mac OS X),CA,4G,newsnet.org,2025-04-14T22:51:31,94,0.15,0.61,,0.106,False,False,False
5c415f34-30cb-4306-b98f-183a0d805bad,cmp_020,video,tablet,2a4217f4e3ee48a6,iOS,Edge,Mozilla/5.0 (Windows NT 10.0; Win64; x64),IN,3G,sportsbuzz.io,2025-04-14T21:19:25,136,0.56,3.75,,0.107,False,False,False
c928c524-17f9-4f31-8dbf-c0688743ef65,cmp_009,video,desktop,76942a6954d94290,macOS,Chrome,Mozilla/5.0 (Windows NT 10.0; Win64; x64),FR,5G,sportsbuzz.io,2025-04-14T05:30:18,122,0.38,4.09,3.32,0.064,True,False,False
3b75834d-c0ff-454f-910d-9c544a9740ae,cmp_005,native,desktop,e8430996a68e4114,macOS,Firefox,Mozilla/5.0 (Windows NT 10.0; Win64; x64),US,2G,sportsbuzz.io,2025-04-14T00:41:57,139,0.5,4.32,,0.181,False,False,False
6e8438e9-20ba-4277-b918-3e6f07ed6b5e,cmp_005,banner,mobile,7648188553ed42f0,Windows,Edge,Mozilla/5.0 (Macintosh; Intel Mac OS X 12_5),BR,3G,funmedia.co,2025-04-14T14:11:41,150,1.02,4.21,,0.193,False,False,False
eb3d171a-ee12-4a45-b828-b937082b17a8,cmp_005,native,desktop,1112617bcd4540ba,Windows,Edge,Mozilla/5.0 (Windows NT 10.0; Win64; x64),JP,3G,funmedia.co,2025-04-14T05:45:59,168,1.36,1.24,,0.105,False,False,False
76d8af36-f372-41db-ab06-627abfe07a83,cmp_006,banner,tablet,ca15c13c18af46c1,macOS,Chrome,Mozilla/5.0 (iPhone; CPU iPhone OS 16_0 like Mac OS X),IN,3G,sportsbuzz.io,2025-04-14T18:20:48,129,0.17,1.33,,0.152,False,False,False
4b8f59e7-7804-428c-8652-d7c8f159f2db,cmp_015,banner,tablet,db44277130aa4118,Android,Safari,Mozilla/5.0 (iPhone; CPU iPhone OS 16_0 like Mac OS X),BR,4G,sportsbuzz.io,2025-04-14T10:40:53,75,1.51,1.2,,0.092,False,False,False
c88ca60f-512f-4967-b9b1-ee7f2a7409c2,cmp_002,banner,mobile,0ec4364a803147a6,iOS,Firefox,Mozilla/5.0 (Linux; Android 13; Pixel 6),CA,WiFi,newsnet.org,2025-04-14T14:50:12,123,1.74,2.88,,0.075,False,False,False
43dfa963-0ad4-44ff-9485-6874d96b0c6d,cmp_017,native,mobile,a04d42a6134f4db2,Windows,Safari,Mozilla/5.0 (Macintosh; Intel Mac OS X 12_5),IN,WiFi,funmedia.co,2025-04-14T22:46:41,81,1.18,4.38,,0.034,False,False,False
6f534b1c-ea8c-442a-8589-8bd721b97a2a,cmp_008,banner,desktop,643d5a7ddefe484f,Windows,Edge,Mozilla/5.0 (iPhone; CPU iPhone OS 16_0 like Mac OS X),BR,WiFi,funmedia.co,2025-04-14T02:31:14,136,1.76,0.43,,0.194,False,False,False
97908b58-7a67-4ff6-88db-0e6266edeb88,cmp_013,native,tablet,3824f0424c0747e7,iOS,Chrome,Mozilla/5.0 (Windows NT 10.0; Win64; x64),JP,WiFi,shopnow.com,2025-04-14T02:36:15,200,0.16,3.3,3.16,0.09,True,True,False
91b36e91-30c6-49db-b4dc-8a9a37449e15,cmp_016,native,tablet,be17b1506b124e01,iOS,Firefox,Mozilla/5.0 (Linux; Android 13; Pixel 6),US,WiFi,example.com,2025-04-14T20:21:59,86,1.24,4.75,4.08,0.126,True,False,False
bf2e57a4-d1b4-44b3-9633-6f5d2dcdfb4a,cmp_014,banner,mobile,7fe9dd7a6fcc4ff7,Windows,Safari,Mozilla/5.0 (Windows NT 10.0; Win64; x64),IN,2G,sportsbuzz.io,2025-04-14T07:02:06,169,1.11,4.08,,0.173,False,False,False
e4c1218d-1439-45b1-8302-6be7ab275000,cmp_014,banner,mobile,b7fc743052994768,Android,Chrome,Mozilla/5.0 (Linux; Android 13; Pixel 6),AU,5G,sportsbuzz.io,2025-04-14T19:35:30,138,1.97,4.5,3.72,0.08,True,True,False
5e4bbd90-b35a-4937-a819-cb76628fa8ef,cmp_001,native,desktop,8afa99acbb0f4bfe,iOS,Chrome,Mozilla/5.0 (iPhone; CPU iPhone OS 16_0 like Mac OS X),JP,3G,newsnet.org,2025-04-14T16:14:26,97,1.24,1.64,,0.179,False,False,False
350881ba-5228-4447-a90e-f7b2452189ac,cmp_009,native,mobile,342a1ae3963f4db8,Android,Edge,Mozilla/5.0 (iPhone; CPU iPhone OS 16_0 like Mac OS X),CA,WiFi,shopnow.com,2025-04-14T03:25:30,129,1.81,4.09,,0.173,False,False,False
241dd0c8-4ce5-4246-8a1d-0c415463e056,cmp_011,native,mobile,0c85662bb23442e8,iOS,Chrome,Mozilla/5.0 (Windows NT 10.0; Win64; x64),IN,4G,shopnow.com,2025-04-14T08:23:49,58,0.25,2.48,,0.183,False,False,False
b6aec29f-c48c-49c1-b24d-9e2df5ec3071,cmp_002,native,mobile,0c93c30bc74b489e,macOS,Edge,Mozilla/5.0 (Linux; Android 13; Pixel 6),BR,WiFi,newsnet.org,2025-04-14T14:19:47,159,1.69,0.2,,0.061,False,False,False
04239238-5f6a-415c-98ec-4287c0897148,cmp_001,banner,mobile,95294f62c8f74d6b,macOS,Edge,Mozilla/5.0 (Macintosh; Intel Mac OS X 12_5),AU,2G,sportsbuzz.io,2025-04-14T16:19:52,125,0.2,2.21,,0.068,False,False,False
4800a017-fc37-49a8-8e8f-6b274db57660,cmp_019,native,desktop,074c3388f59e4cd4,iOS,Firefox,Mozilla/5.0 (Windows NT 10.0; Win64; x64),BR,WiFi,newsnet.org,2025-04-14T09:01:58,138,1.74,3.15,,0.159,False,False,False
c279bf64-f555-4a12-970a-0283e5d82997,cmp_014,native,mobile,2017d6d1a5464842,Windows,Safari,Mozilla/5.0 (Macintosh; Intel Mac OS X 12_5),DE,WiFi,shopnow.com,2025-04-14T19:51:06,28,1.82,1.27,,0.063,False,False,False
160e8b11-71b2-47de-b279-774489e25912,cmp_019,banner,desktop,d3dede528746435d,iOS,Firefox,Mozilla/5.0 (Windows NT 10.0; Win64; x64),DE,4G,sportsbuzz.io,2025-04-14T18:17:05,139,1.59,3.33,,0.164,False,False,False
9f050d1b-26d8-4dc5-a6ed-9fbe2f423015,cmp_015,video,desktop,bf2672f440ce4585,macOS,Chrome,Mozilla/5.0 (Macintosh; Intel Mac OS X 12_5),UK,5G,example.com,2025-04-14T03:36:42,154,0.51,4.24,,0.021,False,False,False
b2153612-ec39-4b50-8b78-8c9f9caf2725,cmp_009,video,tablet,54daaad4ddf142e5,Windows,Edge,Mozilla/5.0 (Linux; Android 13; Pixel 6),FR,3G,funmedia.co,2025-04-14T07:39:35,113,0.38,3.19,2.34,0.127,True,True,False
5099f0d2-555e-41b4-8d5d-d5634e40d965,cmp_009,banner,mobile,55dea0f5b65d415e,iOS,Firefox,Mozilla/5.0 (iPhone; CPU iPhone OS 16_0 like Mac OS X),IN,5G,funmedia.co,2025-04-14T21:37:20,141,1.06,0.63,,0.032,False,False,False
40e22195-bb31-40c1-a672-586b0012f996,cmp_014,native,mobile,e9bdec1eab0243aa,Android,Chrome,Mozilla/5.0 (iPhone; CPU iPhone OS 16_0 like Mac OS X),AU,4G,funmedia.co,2025-04-14T02:13:20,126,0.74,3.96,,0.088,False,False,False
fc2afcc7-d651-43b7-b042-6566117be3be,cmp_005,banner,mobile,0630fe170828437e,iOS,Chrome,Mozilla/5.0 (Windows NT 10.0; Win64; x64),US,WiFi,shopnow.com,2025-04-14T13:18:39,133,1.07,3.93,,0.12,False,False,False
a58898dd-df6e-4bf6-9090-3ac1c939e28b,cmp_003,banner,desktop,5d55247d853b4a6c,Android,Edge,Mozilla/5.0 (Macintosh; Intel Mac OS X 12_5),UK,5G,example.com,2025-04-14T06:53:37,86,1.77,0.69,,0.162,False,False,False
3d6b5d8c-c949-4489-913b-e38931ff767b,cmp_019,native,mobile,d764d997287542ad,Android,Firefox,Mozilla/5.0 (Linux; Android 13; Pixel 6),DE,4G,funmedia.co,2025-04-14T16:42:33,123,1.52,2.33,2.13,0.032,True,False,False
87db6172-1358-4b9b-94c5-3bd88ef63e03,cmp_020,native,mobile,6209f7ed17854f5e,macOS,Edge,Mozilla/5.0 (Macintosh; Intel Mac OS X 12_5),BR,4G,newsnet.org,2025-04-14T10:22:35,92,1.97,4.16,4.01,0.186,True,False,False
d367368d-25e1-4e00-99eb-9bc0a3310bd4,cmp_014,video,mobile,43e2ca2f22114d44,Android,Edge,Mozilla/5.0 (iPhone; CPU iPhone OS 16_0 like Mac OS X),CA,WiFi,sportsbuzz.io,2025-04-14T18:38:16,129,0.13,4.39,,0.033,False,False,False
55313a15-4743-4ff9-97c9-c43b52d8f17c,cmp_001,native,mobile,30fb207dcc4f4e18,iOS,Safari,Mozilla/5.0 (Macintosh; Intel Mac OS X 12_5),US,5G,newsnet.org,2025-04-14T15:59:30,56,0.84,2.69,2.43,0.09,True,False,False
73efa643-fe92-45c3-9e3b-d588503e5fa6,cmp_003,video,mobile,978c63c4b1e14e07,macOS,Edge,Mozilla/5.0 (iPhone; CPU iPhone OS 16_0 like Mac OS X),CA,WiFi,funmedia.co,2025-04-14T08:21:57,118,1.43,3.81,,0.149,False,False,False
b2c7605c-6171-47e9-ba98-c1f31376c802,cmp_015,native,mobile,cb6308150f50441e,Windows,Edge,Mozilla/5.0 (Windows NT 10.0; Win64; x64),US,4G,sportsbuzz.io,2025-04-14T16:52:59,88,0.63,3.64,3.07,0.157,True,True,False
2877acaa-261b-4870-a104-8b5fa365bcac,cmp_006,video,mobile,38420e5b27394f4c,iOS,Safari,Mozilla/5.0 (Windows NT 10.0; Win64; x64),AU,5G,newsnet.org,2025-04-14T14:32:54,109,0.76,1.64,,0.041,False,False,False
068d42b9-cc5b-4a83-9d5c-88696f69af9e,cmp_008,banner,mobile,8f021a72c9f54370,Android,Chrome,Mozilla/5.0 (iPhone; CPU iPhone OS 16_0 like Mac OS X),DE,4G,funmedia.co,2025-04-14T13:14:56,181,1.53,4.21,,0.015,False,False,False
3f7bcf7e-021a-4e36-bbc0-296ddf115b8c,cmp_007,banner,mobile,032024d26b3e4210,macOS,Edge,Mozilla/5.0 (Windows NT 10.0; Win64; x64),US,5G,funmedia.co,2025-04-14T22:34:34,132,1.44,0.64,,0.171,False,False,False
d3af08d0-8d65-4543-a85b-ccd38c2f6c16,cmp_004,video,mobile,b5ec7956b48b4de0,iOS,Safari,Mozilla/5.0 (Windows NT 10.0; Win64; x64),UK,WiFi,funmedia.co,2025-04-14T12:27:31,98,1.06,1.7,,0.062,False,False,False
15af8c6a-5ca6-4423-b01d-9ff35e5ee870,cmp_004,native,desktop,28318cba100744de,Windows,Safari,Mozilla/5.0 (Macintosh; Intel Mac OS X 12_5),US,WiFi,shopnow.com,2025-04-14T14:49:04,87,1.31,0.27,,0.012,False,False,False
b6ebfdea-faf0-497c-8a7c-95604238b724,cmp_005,banner,desktop,59ca1801185542c9,Android,Edge,Mozilla/5.0 (Macintosh; Intel Mac OS X 12_5),DE,4G,sportsbuzz.io,2025-04-14T03:24:55,68,1.76,1.07,,0.191,False,False,False
ceceb37e-e743-44fe-95c1-09c3d2614551,cmp_006,banner,mobile,f1b60cada52d417f,macOS,Firefox,Mozilla/5.0 (Linux; Android 13; Pixel 6),FR,WiFi,example.com,2025-04-14T21:47:13,105,1.11,1.81,,0.191,False,False,False
41644fbe-ffa5-4644-a3ab-dfcaaf9a1fa4,cmp_018,native,mobile,8f1503bd54894f35,Windows,Chrome,Mozilla/5.0 (Windows NT 10.0; Win64; x64),AU,4G,sportsbuzz.io,2025-04-14T20:56:18,104,1.8,4.82,,0.155,False,False,False
d0556ccb-107f-4e89-b9c2-56640ae5a0a6,cmp_004,video,mobile,b2877bd8384e498c,macOS,Safari,Mozilla/5.0 (Windows NT 10.0; Win64; x64),FR,WiFi,funmedia.co,2025-04-14T12:15:42,66,0.88,2.5,,0.055,False,False,False
641c8616-b3d1-4419-a946-5817811c4de7,cmp_011,video,mobile,91de923ea3514633,macOS,Edge,Mozilla/5.0 (Windows NT 10.0; Win64; x64),BR,5G,sportsbuzz.io,2025-04-14T14:56:54,126,0.2,1.38,1.22,0.102,True,True,False
0265347e-a8fc-419e-81b3-accdecafc3e6,cmp_005,native,mobile,7f14c043546845c2,iOS,Chrome,Mozilla/5.0 (Windows NT 10.0; Win64; x64),CA,WiFi,shopnow.com,2025-04-14T06:56:10,160,1.56,4.57,,0.115,False,False,False
6f0845e1-4b69-4578-8ffa-9f3249c9efeb,cmp_008,banner,tablet,2f0dfa0d24fe4ac4,Android,Firefox,Mozilla/5.0 (Macintosh; Intel Mac OS X 12_5),JP,4G,funmedia.co,2025-04-14T14:23:34,145,1.49,1.16,,0.189,False,False,False
26dce85d-93cb-4093-9053-a109ee4a7380,cmp_002,native,mobile,10683f1b59b743bd,Windows,Firefox,Mozilla/5.0 (Macintosh; Intel Mac OS X 12_5),AU,2G,newsnet.org,2025-04-14T01:01:48,89,1.52,0.27,,0.164,False,False,False
471ce8c4-5c3a-40d9-9ad8-50905a08e941,cmp_003,native,desktop,684456de90154b07,macOS,Chrome,Mozilla/5.0 (iPhone; CPU iPhone OS 16_0 like Mac OS X),CA,2G,shopnow.com,2025-04-14T10:25:08,86,1.25,4.17,,0.039,False,False,False
e78b3171-4e7a-4257-aaff-fdd032949a36,cmp_017,native,desktop,f481fda88d0b49c7,Windows,Firefox,Mozilla/5.0 (Macintosh; Intel Mac OS X 12_5),BR,5G,example.com,2025-04-14T20:12:53,184,0.82,2.92,2.39,0.092,True,False,False
9bdfb33c-4633-4b7a-90cc-8cdd979286b8,cmp_013,native,mobile,1fa337c5280747f4,iOS,Edge,Mozilla/5.0 (Macintosh; Intel Mac OS X 12_5),US,4G,funmedia.co,2025-04-14T07:44:34,166,0.85,4.88,,0.054,False,False,False
e154f7ca-4657-47a7-8af1-2d207d3d91c5,cmp_018,video,mobile,d1a3b3f6070f489b,Android,Edge,Mozilla/5.0 (iPhone; CPU iPhone OS 16_0 like Mac OS X),CA,WiFi,newsnet.org,2025-04-14T15:41:19,146,1.09,4.21,,0.17,False,False,False
6e5cc2c9-ade8-41ec-8a0c-df894307f172,cmp_002,video,mobile,a0734d96d7ae489c,macOS,Chrome,Mozilla/5.0 (Linux; Android 13; Pixel 6),BR,4G,funmedia.co,2025-04-14T01:31:16,135,1.17,1.13,,0.103,False,False,False
eafaaccf-4460-4f67-a013-89ee19e8b47b,cmp_004,video,mobile,e4134fc1cedc44e6,iOS,Edge,Mozilla/5.0 (iPhone; CPU iPhone OS 16_0 like Mac OS X),FR,3G,sportsbuzz.io,2025-04-14T13:41:15,156,0.47,0.7,0.67,0.175,True,False,False
46dd66a6-4d86-4c05-a9bd-681f87989ca9,cmp_013,banner,desktop,eb913fcd294649c4,Windows,Chrome,Mozilla/5.0 (Macintosh; Intel Mac OS X 12_5),JP,5G,example.com,2025-04-14T17:33:31,123,1.85,1.54,,0.139,False,False,False
a66f855b-9b3a-43e9-9906-6b34e7e663ba,cmp_010,video,mobile,b598cbc94bd34bc0,Android,Firefox,Mozilla/5.0 (Linux; Android 13; Pixel 6),UK,5G,shopnow.com,2025-04-14T14:39:56,120,1.86,4.69,,0.147,False,False,False
ca621daa-2d35-4bae-9558-c675e5f71e83,cmp_005,video,mobile,96ed87d5e77a44ba,iOS,Chrome,Mozilla/5.0 (Linux; Android 13; Pixel 6),AU,4G,sportsbuzz.io,2025-04-14T03:33:45,153,1.42,1.02,,0.112,False,False,False
8a5928f0-a709-4a22-add0-3fb200df1d4b,cmp_018,video,mobile,e7b0e37f4e6c4a40,Windows,Chrome,Mozilla/5.0 (Windows NT 10.0; Win64; x64),CA,WiFi,newsnet.org,2025-04-14T09:03:39,111,1.21,4.35,,0.068,False,False,False
e91d40e9-c684-4a03-8a98-f3e5349570d0,cmp_019,native,desktop,f281a9e3045a4d90,iOS,Safari,Mozilla/5.0 (iPhone; CPU iPhone OS 16_0 like Mac OS X),IN,4G,newsnet.org,2025-04-14T11:16:35,175,0.29,1.39,,0.161,False,False,False
76953e8e-a254-4048-9391-936456a377c8,cmp_006,native,desktop,c322f98483cf43e4,Android,Safari,Mozilla/5.0 (Linux; Android 13; Pixel 6),FR,3G,example.com,2025-04-14T19:21:36,126,1.76,0.91,,0.071,False,False,False
e742c891-6013-4f26-8584-32d0a5a7809e,cmp_011,native,desktop,5c4409f167564330,iOS,Safari,Mozilla/5.0 (Macintosh; Intel Mac OS X 12_5),AU,5G,funmedia.co,2025-04-14T21:03:08,104,0.83,1.95,,0.1,False,False,False
01e30dec-ca97-4a7d-8cce-62537112dd42,cmp_005,native,desktop,2aa9adac94394d10,macOS,Edge,Mozilla/5.0 (Windows NT 10.0; Win64; x64),UK,WiFi,sportsbuzz.io,2025-04-14T14:33:05,120,1.34,4.51,,0.044,False,False,False
538d60a0-6ad8-47de-8fc5-22ee4292fbff,cmp_013,video,desktop,f11ce6d759e048b9,Android,Chrome,Mozilla/5.0 (Linux; Android 13; Pixel 6),IN,4G,funmedia.co,2025-04-14T20:49:42,135,0.47,1.87,,0.121,False,False,False
99d5edc7-dcf2-4083-ba54-c51f594ff4db,cmp_009,native,tablet,ecae266aa8a34982,macOS,Chrome,Mozilla/5.0 (iPhone; CPU iPhone OS 16_0 like Mac OS X),DE,WiFi,sportsbuzz.io,2025-04-14T21:58:16,113,1.19,0.38,,0.016,False,False,False
21e4ac2a-1e7a-472d-99be-e08fca9ade14,cmp_018,native,mobile,ba231952557243d9,iOS,Firefox,Mozilla/5.0 (Macintosh; Intel Mac OS X 12_5),UK,2G,example.com,2025-04-14T19:30:38,97,0.39,4.48,,0.15,False,False,False
ec3078c6-7fa9-46b6-9496-60ac855762b7,cmp_004,banner,mobile,e90a85a2be8046c6,Windows,Safari,Mozilla/5.0 (Windows NT 10.0; Win64; x64),US,WiFi,shopnow.com,2025-04-14T03:26:53,118,1.81,3.39,3.34,0.181,True,False,False
006e8960-9034-4401-9816-ad78f336305d,cmp_007,video,mobile,9a2ba0e89c9c41de,Android,Firefox,Mozilla/5.0 (iPhone; CPU iPhone OS 16_0 like Mac OS X),US,3G,shopnow.com,2025-04-14T10:00:42,93,0.62,2.27,,0.048,False,False,False
940f6af2-9ec7-477a-bd02-d2ea04e6b86a,cmp_004,banner,mobile,496dd27a09414a8d,macOS,Chrome,Mozilla/5.0 (Windows NT 10.0; Win64; x64),JP,5G,funmedia.co,2025-04-14T04:47:53,105,1.49,0.54,,0.045,False,False,False
1e19f105-ba7e-43f1-84f5-ac011e6b2d69,cmp_015,banner,desktop,23008a063c194bb0,Android,Firefox,Mozilla/5.0 (Windows NT 10.0; Win64; x64),IN,WiFi,example.com,2025-04-14T16:01:49,123,1.81,3.25,,0.046,False,False,False
95f10f32-5583-4458-991d-9aa46c906fef,cmp_019,native,mobile,f13ffe10646f4716,macOS,Safari,Mozilla/5.0 (Linux; Android 13; Pixel 6),DE,WiFi,funmedia.co,2025-04-14T03:03:24,117,0.59,4.9,3.93,0.094,True,False,False
d70a15d6-972b-4b12-bb25-7b94a2f7a66d,cmp_019,native,desktop,7522c828dc544731,Android,Safari,Mozilla/5.0 (iPhone; CPU iPhone OS 16_0 like Mac OS X),UK,WiFi,sportsbuzz.io,2025-04-14T19:33:28,140,1.33,2.23,,0.14,False,False,False
b5ad69b4-8c7a-47a1-ac39-a4fc537a9f93,cmp_009,native,desktop,fc6301e707c14dbe,macOS,Firefox,Mozilla/5.0 (Linux; Android 13; Pixel 6),CA,2G,newsnet.org,2025-04-14T09:32:35,153,0.37,1.01,,0.121,False,False,False
8d195499-422a-475e-8a04-29a02d953d8b,cmp_001,banner,mobile,5bea59b5939b49d5,macOS,Edge,Mozilla/5.0 (Windows NT 10.0; Win64; x64),CA,4G,newsnet.org,2025-04-14T10:37:57,149,0.29,3.27,,0.183,False,False,False
4f31c3aa-ed4b-4dc0-9b2a-20f9e2c8ddcd,cmp_013,banner,mobile,f7d1cd0480ff45fe,Android,Firefox,Mozilla/5.0 (Macintosh; Intel Mac OS X 12_5),FR,WiFi,sportsbuzz.io,2025-04-14T13:11:48,92,0.18,2.07,2.01,0.187,True,False,False
4058ad9e-86d2-42ea-883e-dfd78d9c5c2f,cmp_006,video,tablet,24acca80375744d7,Android,Firefox,Mozilla/5.0 (iPhone; CPU iPhone OS 16_0 like Mac OS X),AU,WiFi,shopnow.com,2025-04-14T03:27:49,100,1.89,4.83,,0.048,False,False,False
fac55328-3269-4e3c-8629-c46494a58a94,cmp_010,video,desktop,af5939355c3f4e8e,Windows,Edge,Mozilla/5.0 (iPhone; CPU iPhone OS 16_0 like Mac OS X),US,4G,newsnet.org,2025-04-14T19:08:42,77,0.43,1.08,1.02,0.068,True,False,False
0702a153-ba02-440f-8379-0cf670dca558,cmp_016,native,desktop,13394307eb644c40,Windows,Chrome,Mozilla/5.0 (iPhone; CPU iPhone OS 16_0 like Mac OS X),BR,5G,newsnet.org,2025-04-14T19:09:43,131,1.43,3.47,,0.183,False,False,False
35333346-4c7b-49aa-aa76-c5a1b470021a,cmp_013,banner,mobile,03918a76af5e41cf,Windows,Edge,Mozilla/5.0 (Linux; Android 13; Pixel 6),BR,WiFi,funmedia.co,2025-04-14T20:45:15,93,1.94,3.38,,0.015,False,False,False
906a2545-70dd-43b3-97d5-2482500050a7,cmp_003,video,mobile,eb61221653654bff,Android,Edge,Mozilla/5.0 (Macintosh; Intel Mac OS X 12_5),US,4G,newsnet.org,2025-04-14T04:15:23,114,0.93,1.14,,0.075,False,False,False
4734778d-2ace-4362-9c9a-04852eeff8d0,cmp_009,video,desktop,98aaf8c072304639,Android,Safari,Mozilla/5.0 (iPhone; CPU iPhone OS 16_0 like Mac OS X),FR,4G,sportsbuzz.io,2025-04-14T11:18:19,106,0.76,4.05,,0.149,False,False,False
7f3691ec-17cd-4a5a-9d54-2e1e36aac06b,cmp_015,banner,mobile,0014bc89d6674546,macOS,Edge,Mozilla/5.0 (Macintosh; Intel Mac OS X 12_5),JP,5G,example.com,2025-04-14T11:51:00,118,0.91,0.37,,0.151,False,False,False
d128216f-2697-41b9-a86c-fdad9627a855,cmp_018,video,mobile,71e1fdc9522c428e,iOS,Safari,Mozilla/5.0 (Windows NT 10.0; Win64; x64),FR,WiFi,funmedia.co,2025-04-14T03:51:51,91,0.39,3.41,,0.074,False,False,False
5c65e4ba-31b6-4b21-aec5-67b705c4f87a,cmp_002,native,desktop,02f93a3724524d65,Windows,Chrome,Mozilla/5.0 (Macintosh; Intel Mac OS X 12_5),FR,3G,sportsbuzz.io,2025-04-14T16:12:32,114,0.8,2.5,,0.179,False,False,False
cf77dbbd-9442-4afd-8ad2-aae0b853dae3,cmp_006,video,desktop,c276e3acb2534573,Windows,Edge,Mozilla/5.0 (Windows NT 10.0; Win64; x64),US,2G,funmedia.co,2025-04-14T07:21:43,101,0.78,3.02,,0.017,False,False,False
a1c73899-8692-4e9c-9089-cdfb76a28d99,cmp_014,banner,mobile,3bcc8c6761cf4cb7,Windows,Edge,Mozilla/5.0 (Macintosh; Intel Mac OS X 12_5),UK,WiFi,funmedia.co,2025-04-14T06:05:34,158,1.67,1.3,,0.169,False,False,False
e2b1081c-52cb-4263-b3a1-013d03b9ab22,cmp_002,video,mobile,dc5573b2b1c54336,iOS,Edge,Mozilla/5.0 (Windows NT 10.0; Win64; x64),BR,5G,newsnet.org,2025-04-14T19:33:36,116,0.67,3.22,2.95,0.086,True,False,False
11c034ee-bc30-4345-ac68-89a06d3d19c4,cmp_010,video,tablet,2b252067da934e03,Android,Chrome,Mozilla/5.0 (Windows NT 10.0; Win64; x64),IN,4G,shopnow.com,2025-04-14T19:05:53,93,1.55,2.42,,0.093,False,False,False
bb81aab3-dc86-408b-a9e7-e38f60b0d257,cmp_010,native,mobile,26eaa72e7e414bc0,iOS,Edge,Mozilla/5.0 (Linux; Android 13; Pixel 6),AU,4G,funmedia.co,2025-04-14T19:17:32,129,0.98,1.45,,0.16,False,False,False
628fdc4e-5dd6-4098-8ae3-18360c0dd0f1,cmp_020,native,mobile,cc2b99ba3c44491c,macOS,Firefox,Mozilla/5.0 (Windows NT 10.0; Win64; x64),CA,5G,sportsbuzz.io,2025-04-14T02:14:01,77,1.16,2.43,,0.075,False,False,False
5d26f75b-1ad3-482a-a20a-9ac9b76caabe,cmp_013,native,mobile,06085ecc2e16416f,macOS,Chrome,Mozilla/5.0 (Linux; Android 13; Pixel 6),JP,WiFi,funmedia.co,2025-04-14T20:09:29,109,1.97,2.48,,0.026,False,False,False
79d826a9-67a3-49c5-a0f1-e2e70a9f3e53,cmp_005,video,mobile,7dc675c79b064710,Android,Firefox,Mozilla/5.0 (iPhone; CPU iPhone OS 16_0 like Mac OS X),FR,5G,shopnow.com,2025-04-14T14:19:18,115,1.55,2.14,,0.153,False,False,False
e69e00d8-8c14-4ba8-99b5-202269c45e86,cmp_013,native,mobile,4628027d64734086,Android,Chrome,Mozilla/5.0 (iPhone; CPU iPhone OS 16_0 like Mac OS X),CA,5G,newsnet.org,2025-04-14T19:15:24,128,1.5,3.91,,0.086,False,False,False
c6469106-d025-4ad7-8659-2f185824208d,cmp_011,native,mobile,b43a0fb1214d4b24,macOS,Safari,Mozilla/5.0 (iPhone; CPU iPhone OS 16_0 like Mac OS X),BR,WiFi,shopnow.com,2025-04-14T19:26:57,136,0.98,2.52,,0.167,False,False,False
5e31e10c-e6c0-4ba3-b8e5-db39bda39f11,cmp_006,video,mobile,874d959c9f2e4119,macOS,Edge,Mozilla/5.0 (Macintosh; Intel Mac OS X 12_5),BR,WiFi,example.com,2025-04-14T21:11:25,84,0.36,3.13,,0.128,False,False,False
d7986826-1062-42a5-aba0-714dc94cea30,cmp_019,banner,mobile,86193f432ea54cdf,iOS,Firefox,Mozilla/5.0 (Linux; Android 13; Pixel 6),IN,2G,sportsbuzz.io,2025-04-14T16:46:26,143,1.6,3.05,,0.084,False,False,False
93ce06c1-94a1-4d68-bb25-5904e8a4f923,cmp_016,video,mobile,cc76134b2acc4c52,Windows,Safari,Mozilla/5.0 (Linux; Android 13; Pixel 6),IN,4G,newsnet.org,2025-04-14T05:58:10,136,0.57,2.36,,0.125,False,False,False
cdb1b442-8a3f-492f-a53f-220d70f4291e,cmp_008,native,mobile,695178f2b1154e67,iOS,Chrome,Mozilla/5.0 (Linux; Android 13; Pixel 6),BR,WiFi,sportsbuzz.io,2025-04-14T20:29:32,107,0.87,3.44,,0.109,False,False,False
9dd0e151-682d-4765-a633-a8e62955a43b,cmp_020,video,desktop,a5e6ec9c456548f3,iOS,Edge,Mozilla/5.0 (iPhone; CPU iPhone OS 16_0 like Mac OS X),JP,5G,shopnow.com,2025-04-14T10:50:26,116,1.66,2.05,,0.156,False,False,False
caddbcdb-e6f1-49dd-b5ba-97e92c39847a,cmp_005,native,mobile,3ae9f89e9df241f5,iOS,Safari,Mozilla/5.0 (iPhone; CPU iPhone OS 16_0 like Mac OS X),CA,4G,funmedia.co,2025-04-14T19:32:40,95,0.37,3.32,,0.056,False,False,False
ca54e233-6f1c-4af9-bbd2-69c8fd116785,cmp_009,native,mobile,833f9bef9fc04397,Windows,Edge,Mozilla/5.0 (Linux; Android 13; Pixel 6),FR,4G,funmedia.co,2025-04-14T07:21:41,98,0.17,1.45,,0.037,False,False,False
2fd8a87b-f97e-4efe-849a-d87452897197,cmp_006,native,mobile,f32c9f2120fe40c9,Windows,Edge,Mozilla/5.0 (Windows NT 10.0; Win64; x64),DE,WiFi,shopnow.com,2025-04-14T00:56:23,127,0.39,3.4,2.98,0.163,True,False,False
9079e54e-953c-4b3b-9997-c91ff818a83f,cmp_009,banner,mobile,05547ab782b04278,macOS,Edge,Mozilla/5.0 (iPhone; CPU iPhone OS 16_0 like Mac OS X),UK,WiFi,funmedia.co,2025-04-14T07:14:01,133,1.72,0.86,,0.07,False,False,False
19d53bec-df6d-4b1e-a67c-3b03de2dad30,cmp_006,video,desktop,990768cc70f94e52,macOS,Chrome,Mozilla/5.0 (Macintosh; Intel Mac OS X 12_5),JP,WiFi,sportsbuzz.io,2025-04-14T10:55:59,144,0.53,0.42,,0.049,False,False,False
f8e0caed-e9d2-4305-905c-d8685188b24b,cmp_016,native,desktop,a20012bfb9004e63,iOS,Safari,Mozilla/5.0 (Windows NT 10.0; Win64; x64),IN,WiFi,sportsbuzz.io,2025-04-14T04:38:49,115,1.91,3.17,,0.106,False,False,False
caf6b2df-9973-4c1e-99dd-d5e068bc5e65,cmp_019,native,desktop,0fc273a7da984e45,Android,Safari,Mozilla/5.0 (Macintosh; Intel Mac OS X 12_5),US,4G,shopnow.com,2025-04-14T22:54:47,126,1.41,3.72,3.35,0.134,True,False,False
255a75e9-add3-4b83-bfad-d5a302d7c003,cmp_005,native,mobile,13639c3431d0430b,Windows,Chrome,Mozilla/5.0 (iPhone; CPU iPhone OS 16_0 like Mac OS X),IN,4G,shopnow.com,2025-04-14T01:38:17,122,0.29,2.44,2.27,0.178,True,True,False
35b8bd57-8b8e-418d-bb97-89b1caf82282,cmp_010,banner,mobile,bf9c200ada774c08,iOS,Edge,Mozilla/5.0 (Macintosh; Intel Mac OS X 12_5),IN,WiFi,shopnow.com,2025-04-14T12:30:12,171,1.78,0.65,,0.158,False,False,False
09129073-d180-4d97-9318-6d44be5a832c,cmp_014,native,desktop,79f6171cfe9247e5,Windows,Edge,Mozilla/5.0 (Windows NT 10.0; Win64; x64),US,WiFi,shopnow.com,2025-04-14T05:51:40,104,1.33,1.49,,0.06,False,False,False
2d8866dc-a928-4f03-9016-a9528e4abc7d,cmp_006,native,mobile,e8cfda7544f04b94,iOS,Firefox,Mozilla/5.0 (iPhone; CPU iPhone OS 16_0 like Mac OS X),FR,WiFi,sportsbuzz.io,2025-04-14T09:43:35,150,1.04,2.6,,0.044,False,False,False
e378127c-3ee4-4dc9-b29a-7391fef418e7,cmp_007,video,mobile,fbabca60c6ab4a08,Android,Safari,Mozilla/5.0 (Linux; Android 13; Pixel 6),JP,4G,example.com,2025-04-14T18:06:59,103,1.4,2.41,2.16,0.186,True,False,False
6ab2b5d2-e226-4b61-9dad-a33b0de46c2c,cmp_017,banner,desktop,4c29a70b0e27441a,macOS,Firefox,Mozilla/5.0 (Windows NT 10.0; Win64; x64),UK,4G,sportsbuzz.io,2025-04-14T05:25:50,168,1.88,1.39,,0.169,False,False,False
7cf913fd-136a-471e-b265-daeba291738b,cmp_010,native,mobile,744a7ef69e494210,macOS,Edge,Mozilla/5.0 (Macintosh; Intel Mac OS X 12_5),BR,2G,sportsbuzz.io,2025-04-14T10:19:21,129,1.33,2.1,,0.037,False,False,False
3956cd6f-f756-419e-a17c-3d7d05cba134,cmp_012,banner,mobile,394ac0753e704f23,Windows,Edge,Mozilla/5.0 (Windows NT 10.0; Win64; x64),DE,WiFi,example.com,2025-04-14T07:52:45,116,1.16,1.7,1.44,0.048,True,False,False
3da74b72-8e1d-4a51-80c9-db0a3efb0598,cmp_013,video,desktop,a23e11ed958a4b39,Android,Firefox,Mozilla/5.0 (iPhone; CPU iPhone OS 16_0 like Mac OS X),FR,WiFi,sportsbuzz.io,2025-04-14T02:15:10,111,0.75,0.37,,0.112,False,False,False
58938f6a-e258-4b8a-b7a3-e2a61b43e1f0,cmp_014,video,mobile,a3c8431bb0184550,Android,Firefox,Mozilla/5.0 (Windows NT 10.0; Win64; x64),CA,5G,newsnet.org,2025-04-14T12:18:07,115,0.93,2.85,,0.072,False,False,False
323b921f-2fa8-4f3e-acce-e93e175c1dc2,cmp_011,video,desktop,7dc4402fdb91426b,macOS,Safari,Mozilla/5.0 (iPhone; CPU iPhone OS 16_0 like Mac OS X),UK,4G,funmedia.co,2025-04-14T18:35:33,87,1.39,1.73,,0.144,False,False,False
45d5580c-6235-4681-a043-380f5f89f9e4,cmp_016,banner,desktop,b212fabb51004655,iOS,Firefox,Mozilla/5.0 (Macintosh; Intel Mac OS X 12_5),AU,2G,example.com,2025-04-14T19:01:08,127,0.16,2.24,,0.106,False,False,False
3b4f0ef8-65e8-482a-a18d-24efe5054a49,cmp_019,native,mobile,6d5c684d3ca24c11,iOS,Safari,Mozilla/5.0 (iPhone; CPU iPhone OS 16_0 like Mac OS X),CA,WiFi,example.com,2025-04-14T20:31:18,127,1.26,4.62,,0.199,False,False,False
2c9e4455-215f-4d78-891c-c32e6aa2924b,cmp_003,video,mobile,814f5766cb0f4332,Windows,Edge,Mozilla/5.0 (Windows NT 10.0; Win64; x64),UK,5G,newsnet.org,2025-04-14T19:27:52,109,1.66,3.49,3.02,0.092,True,True,False
ae55c342-dd46-4cc2-ba2d-86736fee93ba,cmp_018,video,mobile,664cd9efc4484e11,Android,Firefox,Mozilla/5.0 (Windows NT 10.0; Win64; x64),IN,WiFi,sportsbuzz.io,2025-04-14T00:14:20,111,0.38,1.03,0.88,0.069,True,False,False
541d8cf9-b8db-43cc-b4ce-cd7a618300da,cmp_008,video,tablet,4901a35aff984cb8,Android,Firefox,Mozilla/5.0 (Windows NT 10.0; Win64; x64),BR,4G,newsnet.org,2025-04-14T01:08:34,82,0.54,4.96,,0.185,False,False,False
2983acdd-4dcf-4920-b2dc-fc7622fc1a79,cmp_015,video,mobile,96d70edcc0134c9a,macOS,Chrome,Mozilla/5.0 (iPhone; CPU iPhone OS 16_0 like Mac OS X),AU,5G,newsnet.org,2025-04-14T00:56:57,104,1.65,1.96,1.89,0.028,True,False,False
f0cb4b5b-7972-4a2a-afc8-10513e362758,cmp_014,banner,tablet,d5018cd9fd944470,Android,Chrome,Mozilla/5.0 (Windows NT 10.0; Win64; x64),BR,WiFi,newsnet.org,2025-04-14T03:48:13,132,0.59,1.86,,0.031,False,False,False
ad78751f-d767-4f43-8d1d-354fda5e4ecb,cmp_012,video,tablet,8f4f3445e2ce431c,iOS,Edge,Mozilla/5.0 (Windows NT 10.0; Win64; x64),CA,WiFi,funmedia.co,2025-04-14T00:51:26,107,1.34,3.54,,0.164,False,False,False
dd5d78e8-2912-4269-93bb-b49e3627c995,cmp_008,native,desktop,4a3850feee2a4531,iOS,Safari,Mozilla/5.0 (Linux; Android 13; Pixel 6),US,5G,newsnet.org,2025-04-14T00:17:46,102,0.99,0.79,,0.017,False,False,False
71cd74d7-255d-43f6-b7e4-8412b30ac986,cmp_006,native,desktop,4787268e15f24e73,Android,Safari,Mozilla/5.0 (Macintosh; Intel Mac OS X 12_5),BR,WiFi,sportsbuzz.io,2025-04-14T16:13:55,168,0.45,4.07,3.04,0.177,True,False,False
2b1948d3-d127-42d4-b2cd-bf3c7810dc01,cmp_011,video,desktop,d5f3ee5fafa44e88,macOS,Chrome,Mozilla/5.0 (iPhone; CPU iPhone OS 16_0 like Mac OS X),US,WiFi,example.com,2025-04-14T08:40:23,109,0.87,0.81,,0.113,False,False,False
f7d7ef84-245d-4024-ad86-c215550fc956,cmp_008,banner,mobile,50fbec30e80c46fc,macOS,Chrome,Mozilla/5.0 (Windows NT 10.0; Win64; x64),US,3G,example.com,2025-04-14T19:46:33,35,1.12,4.3,,0.036,False,False,False
25003e76-37b2-47d8-bdad-e07f0066b664,cmp_011,video,desktop,57e8581f44aa4ab9,Windows,Chrome,Mozilla/5.0 (Linux; Android 13; Pixel 6),DE,5G,shopnow.com,2025-04-14T17:19:30,133,1.72,3.77,2.78,0.047,True,False,False
24376a16-99aa-4685-9c5d-2a068f230ca0,cmp_008,banner,desktop,5057f15679ae4866,Windows,Safari,Mozilla/5.0 (iPhone; CPU iPhone OS 16_0 like Mac OS X),DE,WiFi,newsnet.org,2025-04-14T06:05:47,105,1.22,2.36,,0.108,False,False,False
f8ddd8c3-c8d3-4a60-bb3e-58e1845d5dc8,cmp_013,video,mobile,65f6dcf28cea403b,Android,Safari,Mozilla/5.0 (iPhone; CPU iPhone OS 16_0 like Mac OS X),UK,2G,example.com,2025-04-14T07:57:08,165,1.69,3.21,,0.055,False,False,False
f990ff3b-e969-4518-b9fb-3700a3e00194,cmp_007,video,mobile,b55176fe98a44d5f,Windows,Edge,Mozilla/5.0 (Macintosh; Intel Mac OS X 12_5),AU,3G,sportsbuzz.io,2025-04-14T00:30:30,111,0.74,4.63,,0.18,False,False,False
2d3f669a-5711-4862-a40b-afaa493e682d,cmp_017,native,mobile,f606ffbdce874ebf,iOS,Firefox,Mozilla/5.0 (Windows NT 10.0; Win64; x64),CA,5G,funmedia.co,2025-04-14T20:31:49,170,1.13,0.22,,0.028,False,False,False
68a91915-7df7-454d-b104-56df4468bdce,cmp_012,banner,mobile,694403e6a88e486c,macOS,Edge,Mozilla/5.0 (Linux; Android 13; Pixel 6),DE,5G,funmedia.co,2025-04-14T23:53:07,193,0.45,4.86,,0.166,False,False,False
fadbe7da-a7d8-4dad-9afc-fef9e8d71d6b,cmp_012,native,mobile,e9c30e7a427c491f,Android,Chrome,Mozilla/5.0 (Linux; Android 13; Pixel 6),US,WiFi,shopnow.com,2025-04-14T14:09:53,91,0.54,1.88,,0.19,False,False,False
aef1443e-2f39-45b0-bc30-570ed1860644,cmp_018,banner,desktop,95b377d82a08424f,macOS,Safari,Mozilla/5.0 (Linux; Android 13; Pixel 6),IN,4G,shopnow.com,2025-04-14T10:06:43,191,1.81,1.55,,0.195,False,False,False
ae55a2ad-f365-4b8f-a9fe-73277f7ac6d1,cmp_003,banner,desktop,13a709541a6447e1,Windows,Safari,Mozilla/5.0 (iPhone; CPU iPhone OS 16_0 like Mac OS X),DE,WiFi,funmedia.co,2025-04-14T21:29:20,101,1.92,3.1,,0.021,False,False,False
eb41fc37-73bd-4a15-9288-1a7c5b4f4467,cmp_013,banner,mobile,ba7aa35d738e4321,Android,Safari,Mozilla/5.0 (Macintosh; Intel Mac OS X 12_5),UK,WiFi,shopnow.com,2025-04-14T04:52:10,190,1.8,1.45,,0.033,False,False,False
7025d579-9c10-4d79-8165-e447d677e42a,cmp_001,banner,mobile,ac90bd3b59734d55,Windows,Chrome,Mozilla/5.0 (Windows NT 10.0; Win64; x64),DE,WiFi,example.com,2025-04-14T19:43:09,153,0.54,3.03,,0.093,False,False,False
e2e68763-d43c-4923-a1bd-da3675f55511,cmp_002,banner,mobile,91eaa3913f5c4338,Windows,Chrome,Mozilla/5.0 (Windows NT 10.0; Win64; x64),BR,WiFi,sportsbuzz.io,2025-04-14T15:39:29,104,1.74,3.58,,0.103,False,False,False
1a7fe6c1-8c6c-4c48-961a-2b185cb70c59,cmp_016,native,tablet,91e74fd0b10843d0,macOS,Chrome,Mozilla/5.0 (Linux; Android 13; Pixel 6),BR,WiFi,sportsbuzz.io,2025-04-14T14:05:46,128,0.63,4.34,,0.148,False,False,False
921d18f3-64dd-4e8f-bf37-421dfb73fb40,cmp_003,video,desktop,73356e0bcdd84d3c,iOS,Edge,Mozilla/5.0 (Windows NT 10.0; Win64; x64),DE,4G,example.com,2025-04-14T07:32:21,80,0.3,3.36,,0.158,False,False,False
0c8f3944-5373-4540-879d-a43853786400,cmp_020,video,desktop,1aab25cb5bd14ddc,iOS,Chrome,Mozilla/5.0 (iPhone; CPU iPhone OS 16_0 like Mac OS X),AU,3G,example.com,2025-04-14T15:53:36,121,0.79,3.84,,0.138,False,False,False
79382159-2bff-4be6-82dd-b9c34599a2bb,cmp_019,native,mobile,0e7089bd55c74e4e,iOS,Edge,Mozilla/5.0 (Macintosh; Intel Mac OS X 12_5),FR,WiFi,shopnow.com,2025-04-14T11:25:45,84,0.15,3.38,3.29,0.118,True,True,False
0b48fb87-42cb-4425-9c9d-65289fc727c1,cmp_008,video,mobile,38e238cb094e4729,macOS,Chrome,Mozilla/5.0 (Windows NT 10.0; Win64; x64),BR,4G,funmedia.co,2025-04-14T20:46:29,83,1.31,3.53,3.04,0.156,True,False,False
dda57943-e71b-4605-b18e-d4860f369c05,cmp_003,video,desktop,405841f31cdf4986,Windows,Safari,Mozilla/5.0 (Macintosh; Intel Mac OS X 12_5),UK,4G,funmedia.co,2025-04-14T18:47:25,97,0.87,0.54,,0.128,False,False,False
18522430-5b8b-4c62-a13f-3d63bc6dd618,cmp_011,banner,mobile,b65e8440f49d4399,Windows,Safari,Mozilla/5.0 (Windows NT 10.0; Win64; x64),FR,WiFi,sportsbuzz.io,2025-04-14T17:48:24,182,0.31,1.68,,0.121,False,False,False
a32e8de4-6f66-4846-aeb6-fb4af2ea8d36,cmp_007,native,mobile,954e3d02a8e34cc0,iOS,Edge,Mozilla/5.0 (iPhone; CPU iPhone OS 16_0 like Mac OS X),AU,WiFi,example.com,2025-04-14T18:35:18,137,0.35,1.83,,0.083,False,False,False
449be4f4-8913-4604-881f-e103a479c839,cmp_008,video,desktop,e37ceababb5249ae,iOS,Safari,Mozilla/5.0 (Windows NT 10.0; Win64; x64),CA,5G,sportsbuzz.io,2025-04-14T19:56:56,142,0.62,3.37,,0.104,False,False,False
5d43c7f4-55e9-4550-9a82-84ceae3d537e,cmp_001,banner,mobile,be89022efa154527,Android,Chrome,Mozilla/5.0 (Linux; Android 13; Pixel 6),IN,WiFi,funmedia.co,2025-04-14T23:15:56,88,2.0,2.83,2.41,0.047,True,False,False
5c77832c-ec60-4666-8cea-fac74a727658,cmp_014,native,mobile,6f02f75ee22d4196,Windows,Safari,Mozilla/5.0 (Windows NT 10.0; Win64; x64),BR,4G,funmedia.co,2025-04-14T16:57:24,123,1.92,1.85,,0.036,False,False,False
ddcb1533-8f6d-4124-8980-759db573c2e2,cmp_018,native,mobile,d16cb69137654f67,iOS,Safari,Mozilla/5.0 (Macintosh; Intel Mac OS X 12_5),CA,WiFi,funmedia.co,2025-04-14T21:44:15,111,1.97,2.81,,0.098,False,False,False
b9b19aad-5480-4dce-aaf8-19b09482e7a5,cmp_001,video,mobile,9d89761dce824d28,macOS,Chrome,Mozilla/5.0 (Linux; Android 13; Pixel 6),CA,WiFi,shopnow.com,2025-04-14T01:39:28,78,1.44,2.44,,0.022,False,False,False
8b7eb4c6-ff5d-4989-9b59-c0e752f5a915,cmp_014,video,tablet,c71fb5bdd9b24998,macOS,Safari,Mozilla/5.0 (Macintosh; Intel Mac OS X 12_5),US,WiFi,newsnet.org,2025-04-14T22:17:36,103,0.54,1.59,,0.162,False,False,False
579168b7-b7ed-47a2-a6a7-34b4187348d0,cmp_012,native,mobile,94fe060480254464,iOS,Chrome,Mozilla/5.0 (iPhone; CPU iPhone OS 16_0 like Mac OS X),US,WiFi,shopnow.com,2025-04-14T11:49:34,163,1.49,2.7,2.36,0.149,True,False,False
938f64f0-9380-4215-b72c-aeac7b011163,cmp_003,native,tablet,c9a03dfae7ab4c66,macOS,Edge,Mozilla/5.0 (Windows NT 10.0; Win64; x64),CA,WiFi,example.com,2025-04-14T05:11:01,95,0.45,4.25,3.51,0.069,True,False,False
e10a44d6-b5bb-4c0e-8e20-b831f86621f6,cmp_015,banner,mobile,d1208a03f1074bbe,Windows,Chrome,Mozilla/5.0 (Windows NT 10.0; Win64; x64),CA,WiFi,example.com,2025-04-14T02:16:25,143,1.16,0.4,,0.14,False,False,False
75aaff62-362f-4f53-9634-eca6aedf29bb,cmp_001,banner,mobile,9c4150558c43405d,Windows,Chrome,Mozilla/5.0 (Windows NT 10.0; Win64; x64),AU,WiFi,shopnow.com,2025-04-14T02:00:33,136,0.51,0.99,,0.076,False,False,False
ed42fd51-3a85-4063-a1e4-f4a9dd6d5458,cmp_017,native,mobile,1c700cdf1a084a6f,macOS,Chrome,Mozilla/5.0 (Linux; Android 13; Pixel 6),FR,WiFi,newsnet.org,2025-04-14T21:38:23,159,1.79,4.68,4.54,0.161,True,False,False
f57c30f2-bfc9-4b17-801f-abba03bcd868,cmp_007,native,mobile,9c1d2adb22d64285,Android,Firefox,Mozilla/5.0 (Macintosh; Intel Mac OS X 12_5),CA,WiFi,shopnow.com,2025-04-14T03:43:11,154,0.95,2.01,,0.032,False,False,False
9dd9434c-6ec1-4d12-836e-c749c8a3662e,cmp_013,banner,tablet,f2ba3044aeb741dc,Windows,Chrome,Mozilla/5.0 (Linux; Android 13; Pixel 6),FR,WiFi,example.com,2025-04-14T09:23:09,104,1.64,4.61,,0.183,False,False,False
3edcfe9c-d726-4069-a8e0-1688863be5d8,cmp_018,native,mobile,5bfa6afd12184781,Windows,Firefox,Mozilla/5.0 (Macintosh; Intel Mac OS X 12_5),BR,3G,newsnet.org,2025-04-14T20:06:54,122,0.87,3.17,,0.082,False,False,False
4522d216-4856-4222-81d2-e9ba403e5bfe,cmp_010,video,desktop,be498b9b06ad472b,iOS,Safari,Mozilla/5.0 (Macintosh; Intel Mac OS X 12_5),DE,WiFi,example.com,2025-04-14T13:20:35,95,1.22,1.6,,0.181,False,False,False
3e891ac4-adcd-4874-8392-b9e152d2bd00,cmp_007,native,mobile,f3d8119b03fb46c1,iOS,Edge,Mozilla/5.0 (Macintosh; Intel Mac OS X 12_5),DE,WiFi,funmedia.co,2025-04-14T17:47:03,101,1.43,1.92,1.87,0.183,True,False,False
907877f6-dd9b-4a86-8816-8ae14f21a9c9,cmp_013,banner,mobile,3c036b2d6e584fce,iOS,Firefox,Mozilla/5.0 (iPhone; CPU iPhone OS 16_0 like Mac OS X),US,2G,newsnet.org,2025-04-14T18:04:45,117,1.65,1.28,,0.168,False,False,False
ffc14d04-a5dd-436b-86d5-dbe34e294fa7,cmp_005,banner,mobile,05f817dca29141e7,Android,Firefox,Mozilla/5.0 (iPhone; CPU iPhone OS 16_0 like Mac OS X),AU,WiFi,newsnet.org,2025-04-14T23:24:52,85,1.29,4.33,,0.049,False,False,False
b82ba6f1-0aa9-4191-9a0b-e749f54f6108,cmp_009,native,mobile,29e6a3f502874ef3,macOS,Firefox,Mozilla/5.0 (Macintosh; Intel Mac OS X 12_5),AU,WiFi,newsnet.org,2025-04-14T19:17:26,138,0.85,3.17,,0.142,False,False,False
1516cc09-174c-4ed9-966a-3a4bbb34f5f9,cmp_003,native,mobile,c9c17bac82cd41e2,Windows,Safari,Mozilla/5.0 (Macintosh; Intel Mac OS X 12_5),UK,WiFi,newsnet.org,2025-04-14T18:14:04,118,0.86,4.66,,0.112,False,False,False
08e11cc2-6210-49a7-8405-057618eeab54,cmp_018,banner,mobile,fab20ce88a6448d2,Android,Safari,Mozilla/5.0 (iPhone; CPU iPhone OS 16_0 like Mac OS X),IN,5G,sportsbuzz.io,2025-04-14T15:06:48,165,1.01,0.27,,0.031,False,False,False
bfa8fc3a-2beb-405b-8498-c604ac93bd4e,cmp_014,banner,desktop,5b96f6b8acf74f63,Windows,Edge,Mozilla/5.0 (Linux; Android 13; Pixel 6),CA,WiFi,shopnow.com,2025-04-14T01:24:11,72,1.06,3.35,,0.195,False,False,False
e0133df0-7648-423e-8196-5fe67ca6dc51,cmp_006,banner,tablet,3379d671fdac4479,macOS,Safari,Mozilla/5.0 (Windows NT 10.0; Win64; x64),BR,WiFi,funmedia.co,2025-04-14T19:02:36,138,0.82,0.38,,0.19,False,False,False
720f691b-893b-48b0-b16c-51240eff2e1c,cmp_015,native,mobile,53718afcfec943bc,Android,Firefox,Mozilla/5.0 (iPhone; CPU iPhone OS 16_0 like Mac OS X),FR,5G,example.com,2025-04-14T14:14:11,168,1.4,0.38,,0.088,False,False,False
d4a461eb-7355-436d-af2a-4943bafe9e5f,cmp_002,banner,desktop,597e8243b558419e,iOS,Safari,Mozilla/5.0 (Windows NT 10.0; Win64; x64),BR,2G,newsnet.org,2025-04-14T14:39:46,181,0.21,0.12,,0.084,False,False,False
a7c54e92-1dd4-4aea-975d-4396aa57289a,cmp_001,native,mobile,346790bd38344d6c,macOS,Firefox,Mozilla/5.0 (iPhone; CPU iPhone OS 16_0 like Mac OS X),JP,WiFi,sportsbuzz.io,2025-04-14T15:54:14,70,1.03,1.26,,0.058,False,False,False
3cfce5d3-1432-4bde-a71c-2747ae38c452,cmp_005,banner,mobile,3b3f6f9dbdc04c5d,Android,Edge,Mozilla/5.0 (Linux; Android 13; Pixel 6),BR,WiFi,funmedia.co,2025-04-14T17:30:58,163,0.8,4.42,,0.014,False,False,False
e985e842-898e-43c3-9e27-bd5b7430c99e,cmp_005,native,desktop,d6391a6e9997464d,Android,Edge,Mozilla/5.0 (Macintosh; Intel Mac OS X 12_5),IN,5G,funmedia.co,2025-04-14T04:29:26,78,0.84,2.28,,0.079,False,False,False
744a7ded-a695-403d-91db-40bb5bf9ab4a,cmp_020,banner,mobile,4e35651f09f54b1a,macOS,Edge,Mozilla/5.0 (Linux; Android 13; Pixel 6),IN,4G,funmedia.co,2025-04-14T11:46:33,144,0.85,1.6,,0.099,False,False,False
56545c8a-7a0d-4d53-9027-84885957c6a1,cmp_011,native,mobile,216a5690bdb146e4,Android,Edge,Mozilla/5.0 (Linux; Android 13; Pixel 6),IN,WiFi,shopnow.com,2025-04-14T12:57:53,55,0.49,0.22,,0.118,False,False,False
ed6ee260-e40e-4d0e-b81a-f34799e1b372,cmp_005,native,desktop,b100ea2820a647b0,Windows,Edge,Mozilla/5.0 (Linux; Android 13; Pixel 6),AU,4G,sportsbuzz.io,2025-04-14T04:47:43,150,1.55,3.72,,0.102,False,False,False
c684c02e-d950-44bd-9650-378cd34498bd,cmp_003,native,desktop,25b9b5e073e54582,iOS,Chrome,Mozilla/5.0 (iPhone; CPU iPhone OS 16_0 like Mac OS X),CA,4G,example.com,2025-04-14T19:33:47,179,1.51,1.85,,0.192,False,False,False
1bedc201-845f-4b1a-bc0a-15d587395b83,cmp_011,video,mobile,84fd2c090ae74096,Windows,Firefox,Mozilla/5.0 (Macintosh; Intel Mac OS X 12_5),FR,3G,newsnet.org,2025-04-14T01:39:58,157,1.81,2.85,,0.039,False,False,False
c4424ac9-dd32-425b-b186-d3a4712d32cf,cmp_008,banner,mobile,ca56f6c074114bd5,Android,Edge,Mozilla/5.0 (Windows NT 10.0; Win64; x64),FR,3G,example.com,2025-04-14T14:39:26,180,1.01,2.42,,0.156,False,False,False
602564f4-4ead-4e11-aa96-6200bd6eab90,cmp_001,video,mobile,5edfe946ac154eee,Windows,Firefox,Mozilla/5.0 (Macintosh; Intel Mac OS X 12_5),UK,WiFi,sportsbuzz.io,2025-04-14T23:23:59,135,0.23,4.44,,0.036,False,False,False
08157d77-0bd9-4cc1-b6b6-3571cbb0f9cc,cmp_003,native,mobile,b838da478f6a4cac,macOS,Chrome,Mozilla/5.0 (Windows NT 10.0; Win64; x64),BR,WiFi,funmedia.co,2025-04-14T11:09:07,42,0.58,1.89,,0.108,False,False,False
8bda02da-3a75-4c3f-af5b-05d090d45dd7,cmp_010,video,tablet,c1807bd2be80454f,macOS,Edge,Mozilla/5.0 (Linux; Android 13; Pixel 6),US,4G,funmedia.co,2025-04-14T21:01:31,70,1.99,1.44,,0.135,False,False,False
a2b8524f-7ced-4ddf-aafe-151a6c6ae619,cmp_010,banner,mobile,538c50101b504a68,Android,Edge,Mozilla/5.0 (iPhone; CPU iPhone OS 16_0 like Mac OS X),US,4G,sportsbuzz.io,2025-04-14T18:21:35,164,0.74,3.51,,0.163,False,False,False
f2194613-a262-4a26-9fa0-eb0debf7817e,cmp_018,video,mobile,a2bed944a72641ba,macOS,Firefox,Mozilla/5.0 (Windows NT 10.0; Win64; x64),BR,4G,newsnet.org,2025-04-14T19:26:45,130,1.85,4.58,,0.026,False,False,False
a9cfbe71-7d2d-4738-8566-55ae2133c772,cmp_008,banner,mobile,fd5fa5d7657f4eb2,Android,Firefox,Mozilla/5.0 (iPhone; CPU iPhone OS 16_0 like Mac OS X),UK,3G,example.com,2025-04-14T08:32:57,100,0.24,0.53,,0.147,False,False,False
8e65aa20-8c9a-417d-ab93-d9b750a63d0c,cmp_004,banner,mobile,4f25ba80a8e947b1,iOS,Chrome,Mozilla/5.0 (Windows NT 10.0; Win64; x64),FR,WiFi,shopnow.com,2025-04-14T09:58:39,110,1.52,1.08,,0.025,False,False,False
5b461eea-ab42-4103-b28f-e9c06b97e9f0,cmp_002,video,desktop,a4a682c653714191,macOS,Firefox,Mozilla/5.0 (Linux; Android 13; Pixel 6),IN,WiFi,example.com,2025-04-14T02:05:00,140,1.04,3.57,,0.144,False,False,False
8bd5cae4-84db-43c3-a520-aa387f6bca2c,cmp_003,banner,mobile,9c521980d1344e27,Android,Firefox,Mozilla/5.0 (iPhone; CPU iPhone OS 16_0 like Mac OS X),JP,3G,newsnet.org,2025-04-14T19:37:55,172,1.95,2.76,,0.143,False,False,False
5c0d702c-4f75-42ed-90b4-be09ef6dcd14,cmp_013,video,desktop,9071759934e44034,Windows,Edge,Mozilla/5.0 (Linux; Android 13; Pixel 6),IN,5G,shopnow.com,2025-04-14T02:11:54,113,1.5,4.14,,0.111,False,False,False
e0c56bb2-6bbe-4e66-a25e-7ff28a1476a6,cmp_012,banner,mobile,dfe8057672ac4bf4,macOS,Chrome,Mozilla/5.0 (Macintosh; Intel Mac OS X 12_5),CA,WiFi,example.com,2025-04-14T23:16:18,151,0.95,4.5,,0.196,False,False,False
2477747c-de78-4171-8d2e-57e97a3f5cfc,cmp_011,video,desktop,5328d471dad14440,Windows,Edge,Mozilla/5.0 (Windows NT 10.0; Win64; x64),CA,4G,sportsbuzz.io,2025-04-14T08:49:58,109,1.52,2.77,2.49,0.053,True,False,False
afe12d00-d12c-4028-992e-1e4d693be645,cmp_005,video,mobile,3a90b2f89a564f8d,macOS,Edge,Mozilla/5.0 (Macintosh; Intel Mac OS X 12_5),FR,WiFi,newsnet.org,2025-04-14T21:20:59,153,1.6,4.38,,0.082,False,False,False
b48e79d1-ab03-48bc-82de-0d376f6b8ee9,cmp_019,video,desktop,3834bdf4e61f4a39,Android,Chrome,Mozilla/5.0 (Linux; Android 13; Pixel 6),UK,2G,newsnet.org,2025-04-14T04:23:00,97,1.04,1.07,,0.04,False,False,False
a5233cd6-bd1f-4a72-b3f9-2e221fc263b5,cmp_014,banner,mobile,60a9741df7da49b2,macOS,Chrome,Mozilla/5.0 (Macintosh; Intel Mac OS X 12_5),FR,4G,newsnet.org,2025-04-14T20:17:14,124,1.91,0.62,,0.144,False,False,False
659231c0-f3b0-4bdb-8258-447d2a0d6135,cmp_016,native,tablet,fb06c2102a324924,Windows,Safari,Mozilla/5.0 (Macintosh; Intel Mac OS X 12_5),IN,4G,example.com,2025-04-14T17:09:15,105,1.24,3.1,,0.111,False,False,False
c196ca50-4883-4f2a-b81c-3bc72274b89e,cmp_001,banner,mobile,a3e1cf8dac4c474d,Windows,Edge,Mozilla/5.0 (iPhone; CPU iPhone OS 16_0 like Mac OS X),FR,4G,sportsbuzz.io,2025-04-14T10:44:55,159,1.41,4.73,,0.183,False,False,False
e1a13851-d85c-4e52-b3ac-ca99725abe5a,cmp_005,video,mobile,9f73dcfeb30f45c0,Android,Safari,Mozilla/5.0 (Linux; Android 13; Pixel 6),BR,WiFi,funmedia.co,2025-04-14T17:57:30,120,0.7,4.46,,0.177,False,False,False
12ad96c6-b425-4d0b-933a-412dc7dff65f,cmp_015,native,mobile,a1dbac68f666440e,Android,Firefox,Mozilla/5.0 (iPhone; CPU iPhone OS 16_0 like Mac OS X),DE,WiFi,sportsbuzz.io,2025-04-14T04:20:05,159,1.58,1.88,1.32,0.1,True,False,False
1931b2f8-a0d2-4392-9b28-ecbaec5f5b18,cmp_020,video,tablet,cfa967f9c89744bb,Android,Safari,Mozilla/5.0 (Windows NT 10.0; Win64; x64),FR,WiFi,shopnow.com,2025-04-14T17:35:09,108,1.5,3.69,,0.047,False,False,False
028e3db6-d329-4a8c-8c7d-03539ab26e1b,cmp_009,video,desktop,f5433a4eaf234e44,Android,Firefox,Mozilla/5.0 (Windows NT 10.0; Win64; x64),US,2G,newsnet.org,2025-04-14T07:50:24,111,1.55,3.29,,0.025,False,False,False
8c311b04-d27c-4b11-804c-1d33c6dbfa93,cmp_011,native,mobile,ba841f473b654190,Windows,Edge,Mozilla/5.0 (Macintosh; Intel Mac OS X 12_5),UK,4G,example.com,2025-04-14T21:09:28,111,0.34,0.9,0.86,0.192,True,False,False
859e83ed-311b-4823-a981-ee24ee46e96d,cmp_011,native,mobile,327a6e9edebb4cfd,Android,Firefox,Mozilla/5.0 (Macintosh; Intel Mac OS X 12_5),US,WiFi,sportsbuzz.io,2025-04-14T10:20:53,88,1.32,3.83,,0.072,False,False,False
12e0a759-7f6a-4b7c-9e0e-0a7b61a1aa5f,cmp_003,native,desktop,40c541745d0e42ee,Android,Safari,Mozilla/5.0 (Macintosh; Intel Mac OS X 12_5),UK,3G,example.com,2025-04-14T01:32:03,145,0.78,0.55,,0.078,False,False,False
517d4b57-fbdb-453c-a252-1c6f58c5a0e9,cmp_017,banner,mobile,9583ddcfc1bb4ed7,macOS,Safari,Mozilla/5.0 (iPhone; CPU iPhone OS 16_0 like Mac OS X),JP,5G,sportsbuzz.io,2025-04-14T02:21:48,161,0.49,0.54,,0.04,False,False,False
ef07babe-ec77-4d53-a2e8-b063e4dfa9b7,cmp_002,banner,desktop,97bce2588fb047db,macOS,Chrome,Mozilla/5.0 (iPhone; CPU iPhone OS 16_0 like Mac OS X),JP,2G,newsnet.org,2025-04-14T21:14:15,124,0.36,4.78,,0.071,False,False,False
edd34d8e-dbe1-4ac4-862f-d935b3b390a8,cmp_014,native,desktop,756f5a00f8f047d0,iOS,Chrome,Mozilla/5.0 (iPhone; CPU iPhone OS 16_0 like Mac OS X),FR,4G,shopnow.com,2025-04-14T17:25:01,47,0.54,0.28,,0.103,False,False,False
1c7eb6bd-68d1-41aa-9de1-5f52b64041f4,cmp_007,video,mobile,acb4eeced60a4be0,iOS,Firefox,Mozilla/5.0 (Macintosh; Intel Mac OS X 12_5),UK,4G,newsnet.org,2025-04-14T09:05:37,99,1.53,4.19,4.02,0.059,True,False,False
7eeb94ed-6663-4e37-b61f-26c05a921900,cmp_007,video,desktop,ea8974a9c35c45cd,iOS,Chrome,Mozilla/5.0 (Macintosh; Intel Mac OS X 12_5),JP,4G,newsnet.org,2025-04-14T18:28:01,141,1.87,0.62,,0.049,False,False,False
457ad29a-ad4f-4bd5-bbea-3758065f4ea2,cmp_012,video,desktop,66f17c15ba1143e2,iOS,Safari,Mozilla/5.0 (Windows NT 10.0; Win64; x64),IN,5G,sportsbuzz.io,2025-04-14T19:47:47,137,0.69,2.6,2.07,0.051,True,False,False
8efd94d3-f023-4ebd-9146-68efe9723f25,cmp_016,video,tablet,885f063588464052,Windows,Safari,Mozilla/5.0 (Macintosh; Intel Mac OS X 12_5),UK,3G,shopnow.com,2025-04-14T19:46:20,105,0.1,0.63,0.44,0.016,True,False,False
f5ac29d7-1482-4c3b-b63e-6e913c8471e3,cmp_002,native,mobile,42c31d804dc140ef,Android,Safari,Mozilla/5.0 (iPhone; CPU iPhone OS 16_0 like Mac OS X),UK,WiFi,funmedia.co,2025-04-14T00:28:24,119,1.34,1.47,1.08,0.067,True,False,False
37d720d5-53a4-4e96-b6ba-4f84af4972ab,cmp_006,banner,mobile,9cbac214f5104ece,iOS,Chrome,Mozilla/5.0 (Macintosh; Intel Mac OS X 12_5),US,WiFi,example.com,2025-04-14T12:59:56,91,1.78,2.33,,0.142,False,False,False
3137ac7f-fde4-4311-825c-27610b9ce751,cmp_003,banner,desktop,3bdb0fe883954fc8,macOS,Chrome,Mozilla/5.0 (Linux; Android 13; Pixel 6),UK,2G,sportsbuzz.io,2025-04-14T00:36:30,89,0.13,0.96,,0.181,False,False,False
7a90817c-ce04-493e-a6bf-73a4a401917a,cmp_009,native,mobile,e0ca8bcdccea4b46,Windows,Safari,Mozilla/5.0 (Linux; Android 13; Pixel 6),FR,4G,example.com,2025-04-14T22:56:17,134,0.1,2.3,,0.134,False,False,False
a95a5590-2d90-4a46-808e-98e22589a3da,cmp_010,native,mobile,6a56ba2fa36640c0,iOS,Firefox,Mozilla/5.0 (iPhone; CPU iPhone OS 16_0 like Mac OS X),IN,5G,funmedia.co,2025-04-14T20:27:35,102,0.81,3.33,3.04,0.115,True,False,False
de6ddfae-c45a-4307-ae45-c7099eb0b25f,cmp_016,video,tablet,df81208bbd8147d2,macOS,Firefox,Mozilla/5.0 (Linux; Android 13; Pixel 6),DE,WiFi,shopnow.com,2025-04-14T04:25:23,123,0.58,0.52,,0.036,False,False,False
f9952bcf-c17a-4787-bc3e-df360dd14dc6,cmp_011,video,desktop,0bc37ecb91e54adc,Android,Firefox,Mozilla/5.0 (iPhone; CPU iPhone OS 16_0 like Mac OS X),UK,5G,shopnow.com,2025-04-14T21:41:29,129,0.37,4.01,3.61,0.165,True,True,False
09c0b432-9345-4942-9a0d-53cf1b2f9869,cmp_018,banner,mobile,88cc3499b5e94d20,Android,Firefox,Mozilla/5.0 (Windows NT 10.0; Win64; x64),US,5G,newsnet.org,2025-04-14T03:32:34,105,1.69,1.69,,0.081,False,False,False
7189141e-fb28-48e4-80db-23693731d788,cmp_008,banner,mobile,aaa4f758ca4c441e,Android,Safari,Mozilla/5.0 (iPhone; CPU iPhone OS 16_0 like Mac OS X),AU,WiFi,sportsbuzz.io,2025-04-14T14:52:25,182,1.04,4.02,,0.184,False,False,False
71543496-8676-4337-b2cb-51880b168cf7,cmp_007,video,desktop,80acc6a9612a46ad,iOS,Chrome,Mozilla/5.0 (iPhone; CPU iPhone OS 16_0 like Mac OS X),JP,4G,example.com,2025-04-14T08:48:25,71,1.67,1.11,,0.139,False,False,False
51040d17-6d67-4011-b043-8ce94d28a9f3,cmp_020,video,tablet,439fdde658e449b7,Windows,Edge,Mozilla/5.0 (iPhone; CPU iPhone OS 16_0 like Mac OS X),AU,4G,funmedia.co,2025-04-14T01:28:07,106,1.31,4.61,,0.123,False,False,False
46f58074-3261-4a04-bbee-1886edcbf271,cmp_018,video,mobile,56ba4d98aaf440cd,macOS,Firefox,Mozilla/5.0 (Macintosh; Intel Mac OS X 12_5),FR,WiFi,example.com,2025-04-14T23:31:20,159,1.99,3.46,,0.082,False,False,False
4a81bf95-657f-4db4-8e81-0b0eab85662e,cmp_004,video,mobile,2e073fa66e8f4d31,macOS,Firefox,Mozilla/5.0 (Linux; Android 13; Pixel 6),CA,4G,sportsbuzz.io,2025-04-14T19:05:30,128,1.58,1.62,1.33,0.172,True,True,False
b6bce0c4-4412-4de8-b9ca-0ded75613513,cmp_015,native,mobile,60c7b138fce14584,macOS,Chrome,Mozilla/5.0 (Linux; Android 13; Pixel 6),JP,4G,funmedia.co,2025-04-14T21:49:01,119,1.08,0.68,,0.043,False,False,False
ca129d1d-89e0-45b6-bc88-393d23476d0d,cmp_004,banner,mobile,5d4f25e512a44f14,iOS,Safari,Mozilla/5.0 (Macintosh; Intel Mac OS X 12_5),BR,5G,newsnet.org,2025-04-14T12:54:10,120,1.34,3.75,,0.044,False,False,False
e971f3c0-6a23-4b1b-9eaf-cfbc209d7343,cmp_015,native,mobile,43fa62f146c74cae,iOS,Safari,Mozilla/5.0 (Linux; Android 13; Pixel 6),FR,3G,example.com,2025-04-14T08:14:21,150,1.9,3.73,,0.117,False,False,False
bfb9220a-e53c-4e3e-b282-11fa3b6b89fb,cmp_014,banner,desktop,3ba1beb6ec7e42d5,iOS,Firefox,Mozilla/5.0 (iPhone; CPU iPhone OS 16_0 like Mac OS X),BR,5G,sportsbuzz.io,2025-04-14T10:44:27,117,1.77,0.53,,0.136,False,False,False
eb16e044-54ae-44c1-927c-c14dfeaead16,cmp_001,banner,tablet,f4e09977137c45b2,iOS,Safari,Mozilla/5.0 (iPhone; CPU iPhone OS 16_0 like Mac OS X),UK,WiFi,newsnet.org,2025-04-14T13:32:58,109,1.99,2.29,,0.081,False,False,False
f231ab8e-853f-41ee-a07a-943a09fa9e8a,cmp_008,banner,mobile,7b8cb93d61564a75,Android,Firefox,Mozilla/5.0 (iPhone; CPU iPhone OS 16_0 like Mac OS X),CA,3G,newsnet.org,2025-04-14T01:50:42,119,1.6,0.39,,0.031,False,False,False
db0f8e42-5a19-4994-b271-d5e9eedc2fd4,cmp_008,banner,mobile,878137618ed149d9,Android,Safari,Mozilla/5.0 (Windows NT 10.0; Win64; x64),UK,WiFi,sportsbuzz.io,2025-04-14T18:37:33,116,0.51,2.44,,0.043,False,False,False
86c89bee-ecd3-48b2-9c18-e03018d8d27a,cmp_003,banner,mobile,a055b680fdfe41ef,iOS,Safari,Mozilla/5.0 (Linux; Android 13; Pixel 6),UK,4G,sportsbuzz.io,2025-04-14T17:54:51,121,0.53,1.87,1.54,0.06,True,False,False
a3afd166-fcce-4128-8316-7b5b08a544bd,cmp_015,native,desktop,5953e6bbe90a4ebb,Android,Safari,Mozilla/5.0 (Macintosh; Intel Mac OS X 12_5),BR,5G,shopnow.com,2025-04-14T19:01:12,63,1.07,4.75,,0.087,False,False,False
36bb0657-a107-41fa-9e03-01314f414217,cmp_020,native,mobile,40368a17592c4ad1,macOS,Chrome,Mozilla/5.0 (Macintosh; Intel Mac OS X 12_5),CA,5G,example.com,2025-04-14T17:15:38,105,0.18,3.89,,0.063,False,False,False
fab94969-54b5-4c39-8249-dc892c77bc98,cmp_016,video,desktop,c7b03d26733246d8,macOS,Edge,Mozilla/5.0 (Windows NT 10.0; Win64; x64),BR,WiFi,shopnow.com,2025-04-14T18:58:21,70,1.22,4.21,,0.116,False,False,False
fd11116f-c75e-4cea-8f8a-acd50be399c8,cmp_011,banner,mobile,677f5045f85042c0,iOS,Firefox,Mozilla/5.0 (Macintosh; Intel Mac OS X 12_5),CA,WiFi,shopnow.com,2025-04-14T16:50:36,176,0.53,3.01,,0.186,False,False,False
63cc91eb-d7c2-4f62-a2c1-3f9cc0d901a0,cmp_009,video,mobile,7075f10f5d354db7,macOS,Safari,Mozilla/5.0 (Macintosh; Intel Mac OS X 12_5),BR,WiFi,funmedia.co,2025-04-14T06:12:22,95,0.36,4.46,,0.156,False,False,False
6fb58501-402c-4f74-8f02-143de4148d04,cmp_019,native,mobile,4d6f8f2068714390,Android,Chrome,Mozilla/5.0 (Macintosh; Intel Mac OS X 12_5),IN,WiFi,shopnow.com,2025-04-14T18:23:45,150,1.6,1.11,,0.168,False,False,False
9e8dc3bc-9c55-44a7-95a3-957942fab0e7,cmp_009,video,mobile,6e84298b77f64378,macOS,Firefox,Mozilla/5.0 (Macintosh; Intel Mac OS X 12_5),AU,3G,shopnow.com,2025-04-14T05:41:51,90,0.58,3.07,,0.194,False,False,False
93110465-0cf7-4303-b74d-2e973196cbd2,cmp_015,banner,desktop,892184657d614672,Windows,Edge,Mozilla/5.0 (Macintosh; Intel Mac OS X 12_5),DE,4G,shopnow.com,2025-04-14T23:00:04,150,1.23,4.91,,0.101,False,False,False
5ce01235-0ad4-403b-9afe-38243ad7bc6e,cmp_003,video,desktop,d6070c92ff174032,iOS,Firefox,Mozilla/5.0 (iPhone; CPU iPhone OS 16_0 like Mac OS X),US,3G,funmedia.co,2025-04-14T03:11:07,130,1.51,0.57,,0.09,False,False,False
452be783-30cd-4d76-9327-2e46b518c9ea,cmp_010,banner,mobile,6e28b374000c4c23,Android,Safari,Mozilla/5.0 (Windows NT 10.0; Win64; x64),BR,4G,sportsbuzz.io,2025-04-14T01:42:36,80,0.77,4.65,4.04,0.055,True,False,False
dedcdec6-fa01-4876-8c08-06d8c16c21bb,cmp_003,banner,mobile,ce0b091221054ebb,Windows,Edge,Mozilla/5.0 (Linux; Android 13; Pixel 6),US,3G,shopnow.com,2025-04-14T04:52:24,90,0.87,1.31,,0.056,False,False,False
dc3c7042-9da2-4c71-81cd-7b8cc332a41c,cmp_014,video,mobile,861a9ce36bf14cd4,macOS,Edge,Mozilla/5.0 (Windows NT 10.0; Win64; x64),IN,4G,shopnow.com,2025-04-14T21:58:14,130,0.94,3.59,,0.15,False,False,False
9cc1ee9d-e608-4660-9007-702dfcddd182,cmp_014,native,desktop,dd1c6248914c48f6,Windows,Firefox,Mozilla/5.0 (Macintosh; Intel Mac OS X 12_5),IN,2G,shopnow.com,2025-04-14T17:24:01,127,0.84,2.59,1.92,0.094,True,True,False
df819aa6-3d0d-4b8b-aab4-b072e8156772,cmp_013,video,mobile,7e4bf400d544415a,Android,Firefox,Mozilla/5.0 (Windows NT 10.0; Win64; x64),BR,WiFi,funmedia.co,2025-04-14T18:10:50,75,1.4,4.81,,0.117,False,False,False
077ee132-e4d8-40ac-a82c-6792bb08fc58,cmp_013,banner,mobile,5a0992d6b97b4e9f,macOS,Edge,Mozilla/5.0 (Windows NT 10.0; Win64; x64),BR,WiFi,example.com,2025-04-14T01:45:51,162,0.27,4.56,3.68,0.058,True,False,False
54315481-0012-4b38-95bf-ed6bc04cc0cf,cmp_002,native,desktop,4e1189d8add64e3a,Windows,Chrome,Mozilla/5.0 (Linux; Android 13; Pixel 6),JP,WiFi,sportsbuzz.io,2025-04-14T13:10:14,176,1.42,0.55,,0.02,False,False,False
49dd8837-b66a-46a6-bdd3-cc41b3c228c9,cmp_009,video,mobile,5c34b7fcd77849f3,Android,Edge,Mozilla/5.0 (Macintosh; Intel Mac OS X 12_5),UK,4G,newsnet.org,2025-04-14T02:59:16,156,0.54,2.65,2.36,0.028,True,False,False
206d35e2-4965-4062-9fa4-39e674b04cc8,cmp_008,video,mobile,8205f01b33c94999,Android,Chrome,Mozilla/5.0 (Linux; Android 13; Pixel 6),AU,3G,example.com,2025-04-14T22:47:11,164,0.34,0.98,,0.098,False,False,False
523ca7f3-dd2c-453b-ba34-4078b2b2a908,cmp_006,banner,mobile,327e65727a4c488a,iOS,Chrome,Mozilla/5.0 (Windows NT 10.0; Win64; x64),US,4G,funmedia.co,2025-04-14T19:09:34,153,0.99,0.92,,0.171,False,False,False
cfd86f6a-39a0-4573-b5db-37063ef9221f,cmp_008,video,mobile,56837f76fe0a4658,Android,Chrome,Mozilla/5.0 (Macintosh; Intel Mac OS X 12_5),DE,WiFi,sportsbuzz.io,2025-04-14T06:38:53,141,1.97,0.31,,0.036,False,False,False
fdd611a8-95c0-46e2-b9f9-869b275526dc,cmp_017,video,desktop,45aefbaa028b47a6,Windows,Edge,Mozilla/5.0 (Macintosh; Intel Mac OS X 12_5),AU,WiFi,sportsbuzz.io,2025-04-14T08:33:51,155,0.87,2.67,,0.106,False,False,False
3ff87ec2-5d80-4e83-b3d5-b79b107b0e5a,cmp_020,native,tablet,33a556967b9847c7,macOS,Edge,Mozilla/5.0 (iPhone; CPU iPhone OS 16_0 like Mac OS X),DE,4G,sportsbuzz.io,2025-04-14T20:13:04,154,0.51,3.78,,0.157,False,False,False
07944efc-cd3a-4af8-9255-8ff7734d40e5,cmp_008,native,mobile,15d3711910d44c54,iOS,Safari,Mozilla/5.0 (Macintosh; Intel Mac OS X 12_5),DE,WiFi,newsnet.org,2025-04-14T12:37:50,125,0.86,1.34,,0.145,False,False,False
267fab9b-d9ee-4765-95ef-533d6e1000d5,cmp_010,banner,mobile,8055c23f14ab4f5f,iOS,Firefox,Mozilla/5.0 (iPhone; CPU iPhone OS 16_0 like Mac OS X),UK,5G,funmedia.co,2025-04-14T05:08:26,87,1.24,2.22,,0.077,False,False,False
b2187426-14c3-4ebc-91a8-470deaae3e88,cmp_010,video,mobile,817a81354b0f47d1,Android,Chrome,Mozilla/5.0 (Linux; Android 13; Pixel 6),BR,WiFi,shopnow.com,2025-04-14T13:59:55,149,1.45,0.82,,0.061,False,False,False
ee55ded7-5339-48e4-842a-c0996aaa1af3,cmp_011,native,mobile,039a2d0211f04445,macOS,Firefox,Mozilla/5.0 (Macintosh; Intel Mac OS X 12_5),FR,WiFi,shopnow.com,2025-04-14T00:13:40,118,0.33,2.63,,0.093,False,False,False
a7e398da-7bec-4605-b136-27ab30d21d42,cmp_005,native,desktop,29a872c9d5c1423e,Windows,Edge,Mozilla/5.0 (iPhone; CPU iPhone OS 16_0 like Mac OS X),JP,WiFi,sportsbuzz.io,2025-04-14T19:02:42,129,0.37,3.21,2.82,0.155,True,False,False
ab4da947-c4f5-4b9e-9c8c-ec44fb335a1b,cmp_019,banner,tablet,b944d1cfcfda4503,macOS,Safari,Mozilla/5.0 (Macintosh; Intel Mac OS X 12_5),IN,5G,newsnet.org,2025-04-14T06:02:19,37,1.98,1.13,,0.041,False,False,False
746339a9-f76d-4d5b-8c86-fda636c4b8d6,cmp_004,banner,mobile,b67fca4b43394983,macOS,Firefox,Mozilla/5.0 (Macintosh; Intel Mac OS X 12_5),UK,WiFi,example.com,2025-04-14T01:46:30,82,1.72,4.9,,0.192,False,False,False
b2a7b918-5ff1-4eb2-a8b3-28f95c4bb324,cmp_019,native,mobile,6bda408e94cf4496,Windows,Safari,Mozilla/5.0 (Linux; Android 13; Pixel 6),BR,4G,shopnow.com,2025-04-14T15:56:57,154,1.07,1.71,,0.105,False,False,False
bab7f3b5-c49a-4917-8ec2-368c3ef3d09e,cmp_008,video,mobile,3602a79bd07b45af,macOS,Safari,Mozilla/5.0 (Linux; Android 13; Pixel 6),UK,WiFi,newsnet.org,2025-04-14T11:37:19,125,1.06,3.52,,0.088,False,False,False
a8a0be32-b712-44e1-b980-1c792ce97232,cmp_011,banner,mobile,a1d4ea7998a943f1,macOS,Edge,Mozilla/5.0 (iPhone; CPU iPhone OS 16_0 like Mac OS X),FR,WiFi,example.com,2025-04-14T15:19:05,139,1.88,0.25,,0.032,False,False,False
54e589b3-d68d-4d5f-90b4-e1408314970c,cmp_008,video,mobile,d367c0c72bf04006,Android,Safari,Mozilla/5.0 (Macintosh; Intel Mac OS X 12_5),AU,4G,funmedia.co,2025-04-14T06:56:31,148,1.23,3.03,2.19,0.172,True,False,False
a0e074fc-0bba-4431-902a-ff61251740a5,cmp_001,banner,tablet,89590ae4828a4425,Android,Chrome,Mozilla/5.0 (iPhone; CPU iPhone OS 16_0 like Mac OS X),UK,3G,sportsbuzz.io,2025-04-14T04:27:31,149,1.67,3.46,,0.078,False,False,False
e2291446-9bab-4eea-b8c2-b64832118983,cmp_020,video,mobile,72f376159de44138,Android,Safari,Mozilla/5.0 (iPhone; CPU iPhone OS 16_0 like Mac OS X),CA,WiFi,example.com,2025-04-14T01:57:19,117,1.03,4.14,,0.061,False,False,False
f351a996-9695-41fc-9657-4b68811f5e3b,cmp_020,native,mobile,a17987abfe764d15,Android,Chrome,Mozilla/5.0 (Macintosh; Intel Mac OS X 12_5),CA,5G,funmedia.co,2025-04-14T20:04:53,124,0.74,2.03,,0.041,False,False,False
d4e68ba1-7bcf-4cfe-a13a-d27708ac8438,cmp_008,video,desktop,0a8b96a48d0d4fb9,Windows,Safari,Mozilla/5.0 (Macintosh; Intel Mac OS X 12_5),AU,4G,funmedia.co,2025-04-14T12:32:19,144,0.39,0.83,,0.025,False,False,False
9ef5ed4c-f750-4a22-8323-4d166a72cc35,cmp_011,banner,mobile,fa1112f8813e4183,Android,Edge,Mozilla/5.0 (Windows NT 10.0; Win64; x64),CA,5G,funmedia.co,2025-04-14T03:06:28,151,1.15,4.72,,0.122,False,False,False
4557e134-596a-4c44-af72-582061dae1b0,cmp_012,banner,mobile,90777459822d4d2b,iOS,Chrome,Mozilla/5.0 (Linux; Android 13; Pixel 6),AU,WiFi,example.com,2025-04-14T05:30:41,150,0.84,4.04,,0.164,False,False,False
9f52ce36-a1e6-4ba1-8606-b9eb56f588df,cmp_011,video,mobile,2feb54b43fd4435f,Android,Chrome,Mozilla/5.0 (Macintosh; Intel Mac OS X 12_5),BR,WiFi,shopnow.com,2025-04-14T23:50:45,132,1.76,0.56,,0.074,False,False,False
b31c6c24-5b23-464a-b8a8-7a311e8d9a1a,cmp_006,native,desktop,0e7115f7d45c4fcc,iOS,Chrome,Mozilla/5.0 (Linux; Android 13; Pixel 6),DE,WiFi,sportsbuzz.io,2025-04-14T01:08:15,140,1.62,3.59,3.02,0.081,True,False,False
588b8019-ab62-41d6-a843-e8f7f55ea389,cmp_017,video,desktop,9dcf2fa0779245a5,Android,Edge,Mozilla/5.0 (Windows NT 10.0; Win64; x64),JP,WiFi,sportsbuzz.io,2025-04-14T14:13:09,119,1.22,4.82,,0.065,False,False,False
ff24366f-71b2-40b5-bc0c-ef078684d56f,cmp_014,banner,mobile,14928308b9c946e3,Android,Firefox,Mozilla/5.0 (Macintosh; Intel Mac OS X 12_5),CA,WiFi,sportsbuzz.io,2025-04-14T12:18:21,112,0.6,1.19,,0.179,False,False,False
2ca18aec-ae91-4024-92ad-d2c4bae7704f,cmp_017,native,mobile,4cbf8088242842ad,iOS,Safari,Mozilla/5.0 (iPhone; CPU iPhone OS 16_0 like Mac OS X),DE,WiFi,newsnet.org,2025-04-14T20:42:57,91,1.92,2.21,,0.162,False,False,False
f27b6ad2-d3fd-4a94-8090-93219f2ad5ce,cmp_016,banner,mobile,2cbd0923c56e4a12,Android,Firefox,Mozilla/5.0 (iPhone; CPU iPhone OS 16_0 like Mac OS X),DE,WiFi,shopnow.com,2025-04-14T20:34:26,129,1.86,4.29,,0.084,False,False,False
20d9465c-ab75-4a12-9210-18bde2b8fa81,cmp_008,banner,desktop,c1e41e7a6d2d4090,iOS,Chrome,Mozilla/5.0 (Windows NT 10.0; Win64; x64),CA,3G,sportsbuzz.io,2025-04-14T04:41:12,120,1.38,3.32,,0.089,False,False,False
a3ba9720-0183-4e9c-9c21-88636253aa8e,cmp_018,banner,desktop,91a6cf77eb644d4d,iOS,Chrome,Mozilla/5.0 (Windows NT 10.0; Win64; x64),DE,WiFi,shopnow.com,2025-04-14T05:10:23,97,1.72,4.38,4.06,0.011,True,False,False
df48a472-fef9-46d0-8322-240859f9f936,cmp_017,video,mobile,068ddbbb3376486b,macOS,Firefox,Mozilla/5.0 (Macintosh; Intel Mac OS X 12_5),JP,WiFi,example.com,2025-04-14T22:11:07,112,1.63,0.96,,0.114,False,False,False
75cf49e6-0259-4aa7-a739-d3aa7185d20a,cmp_006,native,desktop,9bebdf8d7fce4eab,Windows,Safari,Mozilla/5.0 (iPhone; CPU iPhone OS 16_0 like Mac OS X),CA,5G,newsnet.org,2025-04-14T07:01:58,130,0.47,3.48,,0.198,False,False,False
b7b93e4a-fd49-4d6b-8361-552e7fe196c3,cmp_017,video,desktop,c3d701539ea04a42,Android,Safari,Mozilla/5.0 (iPhone; CPU iPhone OS 16_0 like Mac OS X),AU,4G,sportsbuzz.io,2025-04-14T09:21:54,86,0.23,3.76,3.35,0.199,True,False,False
eb92e861-ac8d-40f9-95c8-53d81ccd6e71,cmp_002,video,mobile,dd250a96e3504478,macOS,Safari,Mozilla/5.0 (Linux; Android 13; Pixel 6),BR,2G,example.com,2025-04-14T13:49:29,81,1.98,1.84,,0.187,False,False,False
f00fdc2a-6583-4a87-98cd-69af9bea3a43,cmp_005,banner,tablet,b80f4a6232f147b8,iOS,Safari,Mozilla/5.0 (iPhone; CPU iPhone OS 16_0 like Mac OS X),FR,5G,example.com,2025-04-14T18:26:47,84,0.33,3.83,,0.164,False,False,False
2833b7ed-6a1b-4f83-8286-150c4e7ad7ae,cmp_004,native,desktop,312ea9d0375949a0,Windows,Safari,Mozilla/5.0 (iPhone; CPU iPhone OS 16_0 like Mac OS X),DE,WiFi,example.com,2025-04-14T17:15:19,107,2.0,4.1,,0.063,False,False,False
dc52b77a-f4ed-4183-b9a1-3d4e5fc96bea,cmp_001,banner,mobile,f0ef1a9cfa464235,Windows,Firefox,Mozilla/5.0 (Macintosh; Intel Mac OS X 12_5),DE,4G,example.com,2025-04-14T23:33:23,134,1.24,2.67,2.62,0.029,True,False,False
f8f42f1e-2162-4eb5-a119-c95b1ab8a4c9,cmp_002,native,mobile,bfcdc6b045d9479e,Windows,Chrome,Mozilla/5.0 (Linux; Android 13; Pixel 6),CA,WiFi,funmedia.co,2025-04-14T08:07:11,129,1.2,2.79,,0.141,False,False,False
13e9b101-e559-46b8-8425-b66a21c564cf,cmp_014,video,desktop,423df0ecbc2c4826,Windows,Firefox,Mozilla/5.0 (Windows NT 10.0; Win64; x64),US,WiFi,example.com,2025-04-14T15:19:06,129,0.11,4.73,4.42,0.179,True,False,False
1c7d8f42-18ea-414e-a9ee-475b13a2608d,cmp_011,native,desktop,ba219ca96105497f,Android,Chrome,Mozilla/5.0 (iPhone; CPU iPhone OS 16_0 like Mac OS X),IN,WiFi,newsnet.org,2025-04-14T02:10:37,130,0.51,0.18,,0.145,False,False,False
8b0e2060-1a11-4f9b-9859-87dd363b3028,cmp_017,native,mobile,fd2a00e843eb4300,Android,Edge,Mozilla/5.0 (iPhone; CPU iPhone OS 16_0 like Mac OS X),AU,5G,funmedia.co,2025-04-14T04:52:55,139,0.47,3.37,,0.11,False,False,False
90283ba7-9165-4ebd-990d-9e2f7fc77073,cmp_014,native,mobile,69d76834e65c46c5,macOS,Chrome,Mozilla/5.0 (iPhone; CPU iPhone OS 16_0 like Mac OS X),IN,WiFi,funmedia.co,2025-04-14T11:37:26,128,0.46,2.09,1.57,0.058,True,False,False
33cb634c-6ab5-4621-9167-c41ccd72ffc2,cmp_002,banner,desktop,cfdf00f29fae4d73,macOS,Safari,Mozilla/5.0 (Linux; Android 13; Pixel 6),IN,WiFi,example.com,2025-04-14T03:42:15,118,0.5,0.11,,0.031,False,False,False
27f3f2c3-7cb4-437d-80e4-c6456283712e,cmp_004,video,mobile,310fd562cd114275,Windows,Edge,Mozilla/5.0 (Linux; Android 13; Pixel 6),UK,4G,funmedia.co,2025-04-14T18:26:06,134,0.62,2.64,,0.136,False,False,False
6831d4e0-9e1c-47fe-8aae-4e349ae3b28d,cmp_016,banner,desktop,fc6ddafad4994fde,macOS,Chrome,Mozilla/5.0 (Macintosh; Intel Mac OS X 12_5),IN,4G,funmedia.co,2025-04-14T04:24:22,104,1.68,3.93,,0.152,False,False,False
770d6023-f640-4a7c-87e5-6763f991df3a,cmp_014,video,mobile,a733e4c7feac4fea,macOS,Chrome,Mozilla/5.0 (Linux; Android 13; Pixel 6),DE,WiFi,example.com,2025-04-14T05:07:56,127,1.32,1.8,,0.095,False,False,False
5c2b293d-8a34-4fa9-b569-438868334295,cmp_005,video,mobile,e15b67d3362f428f,Android,Edge,Mozilla/5.0 (Macintosh; Intel Mac OS X 12_5),IN,4G,example.com,2025-04-14T07:30:24,158,0.37,3.25,,0.061,False,False,False
e3dc8417-6561-4646-9bad-8bb9909326b2,cmp_001,native,mobile,71472bcfc9b5489d,iOS,Safari,Mozilla/5.0 (Macintosh; Intel Mac OS X 12_5),DE,WiFi,example.com,2025-04-14T07:06:17,117,0.56,1.34,,0.192,False,False,False
157389dc-a154-4c44-b6f8-02855df686b2,cmp_005,native,tablet,a3e32ed848e848c1,Windows,Edge,Mozilla/5.0 (iPhone; CPU iPhone OS 16_0 like Mac OS X),FR,5G,example.com,2025-04-14T20:36:51,140,0.68,0.63,,0.155,False,False,False
e73fcc81-dc40-43ee-a75c-5ea74da361e5,cmp_004,native,mobile,ddf0bbfb52a24ab2,macOS,Safari,Mozilla/5.0 (Windows NT 10.0; Win64; x64),AU,WiFi,sportsbuzz.io,2025-04-14T07:51:17,120,1.73,1.69,,0.078,False,False,False
f6cf2e1f-4b69-4c2c-9614-6d111ab17417,cmp_003,video,mobile,6a566a7ef9c5444b,Android,Safari,Mozilla/5.0 (iPhone; CPU iPhone OS 16_0 like Mac OS X),JP,4G,example.com,2025-04-14T19:34:21,152,1.5,2.72,,0.029,False,False,False
9e5cae55-e149-4233-9591-7125a4c0f72c,cmp_004,banner,desktop,591589a2fd0b4354,Windows,Chrome,Mozilla/5.0 (Windows NT 10.0; Win64; x64),IN,WiFi,example.com,2025-04-14T15:45:08,129,1.98,2.1,,0.132,False,False,False
4ff1a666-02e6-4053-9337-d910f7f86bbf,cmp_020,banner,desktop,d38e35158b9146e1,Android,Chrome,Mozilla/5.0 (Windows NT 10.0; Win64; x64),CA,5G,shopnow.com,2025-04-14T21:05:21,117,1.48,3.81,,0.186,False,False,False
3c3151ab-7dfb-4f33-9f7e-fa2baa488d38,cmp_019,video,mobile,acaec8f1bd6947f7,iOS,Edge,Mozilla/5.0 (Linux; Android 13; Pixel 6),JP,WiFi,funmedia.co,2025-04-14T23:50:26,138,1.53,4.68,4.28,0.116,True,False,False
f0e1a43e-faec-41ac-adfc-d39bba507d32,cmp_002,banner,mobile,6899c00106004883,Android,Safari,Mozilla/5.0 (Linux; Android 13; Pixel 6),UK,4G,newsnet.org,2025-04-14T16:42:17,117,1.28,2.3,,0.016,False,False,False
4acdbd37-e832-4dca-90c9-a1ca47f98edc,cmp_003,video,desktop,a4dc70e0178c4dc4,macOS,Edge,Mozilla/5.0 (Linux; Android 13; Pixel 6),AU,2G,newsnet.org,2025-04-14T19:23:40,130,1.11,1.94,,0.14,False,False,False
c85eff4d-1faa-4247-888b-bcd078bf717b,cmp_014,banner,mobile,c38a602598754167,Android,Firefox,Mozilla/5.0 (iPhone; CPU iPhone OS 16_0 like Mac OS X),AU,WiFi,newsnet.org,2025-04-14T03:48:10,106,1.81,2.7,,0.122,False,False,False
388d7622-d82d-4ca3-8db8-f6db57aa78ba,cmp_015,video,mobile,ec8bd3a012064e69,Android,Edge,Mozilla/5.0 (Linux; Android 13; Pixel 6),JP,4G,sportsbuzz.io,2025-04-14T16:21:56,59,0.51,1.38,,0.149,False,False,False
5efd0444-fef8-4b76-9ba6-fd8e79fc649c,cmp_019,video,desktop,bd0036ff552542bd,Android,Chrome,Mozilla/5.0 (iPhone; CPU iPhone OS 16_0 like Mac OS X),FR,4G,example.com,2025-04-14T00:25:18,97,1.01,0.65,,0.183,False,False,False
c798260e-7816-4f78-9ffa-973043767460,cmp_005,banner,mobile,d416f142bc664068,iOS,Chrome,Mozilla/5.0 (Linux; Android 13; Pixel 6),UK,4G,newsnet.org,2025-04-14T16:47:52,50,0.74,2.81,,0.112,False,False,False
0418e948-d208-4d99-8f88-5bbc2762a8a5,cmp_005,banner,mobile,a82cfc540dbf45ee,iOS,Safari,Mozilla/5.0 (Linux; Android 13; Pixel 6),FR,WiFi,newsnet.org,2025-04-14T09:08:52,163,1.5,2.78,2.17,0.071,True,False,False
e958499f-d36b-4083-accf-c55da6207f71,cmp_003,banner,desktop,4af00ef40fc54308,Android,Chrome,Mozilla/5.0 (iPhone; CPU iPhone OS 16_0 like Mac OS X),US,3G,funmedia.co,2025-04-14T00:48:00,141,1.91,1.03,,0.029,False,False,False
38336d32-1ebf-4be4-8190-f07cabd14f0d,cmp_012,video,mobile,0a828385b6a94299,macOS,Chrome,Mozilla/5.0 (Linux; Android 13; Pixel 6),US,WiFi,funmedia.co,2025-04-14T19:34:41,95,0.4,1.53,1.37,0.114,True,False,False
31da554d-0e79-4343-aef5-c2322e7b1dbe,cmp_011,banner,mobile,4efee0ab37ff4050,macOS,Chrome,Mozilla/5.0 (iPhone; CPU iPhone OS 16_0 like Mac OS X),DE,5G,sportsbuzz.io,2025-04-14T08:33:58,119,0.18,2.39,,0.019,False,False,False
66415d6b-0933-4f3d-996a-675bcb647dd5,cmp_017,native,mobile,4acbb3d472944207,macOS,Edge,Mozilla/5.0 (Windows NT 10.0; Win64; x64),BR,5G,newsnet.org,2025-04-14T21:24:22,122,0.53,1.42,,0.071,False,False,False
5b9585c4-7920-4ee6-bae7-85346f7bb066,cmp_016,native,mobile,77d374c5dfb848ff,macOS,Safari,Mozilla/5.0 (iPhone; CPU iPhone OS 16_0 like Mac OS X),US,4G,example.com,2025-04-14T10:52:10,137,1.27,3.05,,0.097,False,False,False
35c99b09-ffa5-4e9e-ba28-e0b5ce0f3682,cmp_005,native,tablet,cc98a8f4dcb94035,iOS,Firefox,Mozilla/5.0 (Linux; Android 13; Pixel 6),JP,WiFi,example.com,2025-04-14T23:49:39,174,1.1,1.34,,0.179,False,False,False
763a6132-f149-4145-9fea-7e5b8379e6e3,cmp_016,native,mobile,019593c6838a4462,Android,Edge,Mozilla/5.0 (Macintosh; Intel Mac OS X 12_5),UK,WiFi,newsnet.org,2025-04-14T19:16:40,94,1.33,1.02,,0.086,False,False,False
729e4f03-49f3-40ba-8d41-8c640f432e0d,cmp_017,banner,desktop,507bba5898dc4e5f,Windows,Edge,Mozilla/5.0 (Linux; Android 13; Pixel 6),DE,4G,shopnow.com,2025-04-14T06:43:04,181,0.35,3.81,,0.147,False,False,False
2954870b-1588-412a-8295-3dc1bd894e0e,cmp_010,video,mobile,a352995a7f6840c2,Android,Firefox,Mozilla/5.0 (Macintosh; Intel Mac OS X 12_5),US,WiFi,sportsbuzz.io,2025-04-14T12:06:19,128,0.65,1.93,1.79,0.176,True,False,False
1e979111-a9cb-489f-8323-72e5735e92e2,cmp_016,banner,mobile,8dd5cc43b86146f4,Windows,Edge,Mozilla/5.0 (iPhone; CPU iPhone OS 16_0 like Mac OS X),US,WiFi,sportsbuzz.io,2025-04-14T10:34:43,143,1.11,4.8,3.67,0.184,True,True,False
157eef3f-88a6-410f-b07f-37944242048e,cmp_020,video,mobile,752e0f9deeac4626,Windows,Chrome,Mozilla/5.0 (Macintosh; Intel Mac OS X 12_5),UK,4G,example.com,2025-04-14T18:33:11,93,1.99,3.23,2.46,0.065,True,False,False
ed8742d2-610f-4fda-acf1-727f173be811,cmp_013,native,mobile,69709b8d88084d66,Android,Chrome,Mozilla/5.0 (iPhone; CPU iPhone OS 16_0 like Mac OS X),BR,3G,newsnet.org,2025-04-14T20:12:53,112,1.77,2.39,2.35,0.034,True,False,False
7d4a94e2-8bb4-40f2-9f6c-85132fd50f7f,cmp_008,video,mobile,f2fc4ba3104e4335,macOS,Chrome,Mozilla/5.0 (Windows NT 10.0; Win64; x64),AU,WiFi,example.com,2025-04-14T02:43:12,88,1.84,4.79,,0.126,False,False,False
694e7bbd-f0da-4462-b9f4-93f6102fa5bf,cmp_018,banner,mobile,d18d1ff249ff4fa1,iOS,Chrome,Mozilla/5.0 (Macintosh; Intel Mac OS X 12_5),JP,WiFi,shopnow.com,2025-04-14T19:20:24,122,1.21,4.07,,0.074,False,False,False
6405e58e-237b-419d-8ad6-3d0d7acb7f1c,cmp_011,native,tablet,68ac925241fc4097,macOS,Firefox,Mozilla/5.0 (Macintosh; Intel Mac OS X 12_5),IN,WiFi,sportsbuzz.io,2025-04-14T15:53:38,127,1.23,4.13,,0.192,False,False,False
a7689007-3602-4dc8-8355-8a3bf23d24ad,cmp_005,native,mobile,80e875d006bc432d,iOS,Firefox,Mozilla/5.0 (Windows NT 10.0; Win64; x64),BR,WiFi,example.com,2025-04-14T21:56:39,142,1.19,3.23,,0.031,False,False,False
c2bc1ad7-07b9-41b5-bd3e-efa418b79ef5,cmp_007,video,desktop,5310ed0be31e4922,Android,Safari,Mozilla/5.0 (Macintosh; Intel Mac OS X 12_5),UK,WiFi,newsnet.org,2025-04-14T06:33:30,63,0.24,2.58,,0.096,False,False,False
174aa8dd-dc2d-4217-8e17-14e6f2b1c764,cmp_017,banner,desktop,49fff580abdb4c75,macOS,Chrome,Mozilla/5.0 (Linux; Android 13; Pixel 6),DE,WiFi,shopnow.com,2025-04-14T11:05:16,84,1.04,1.75,,0.085,False,False,False
547bd3e3-864e-41db-88b8-2f7fbf953888,cmp_001,native,mobile,b0cfdd68590d4237,Android,Chrome,Mozilla/5.0 (Macintosh; Intel Mac OS X 12_5),UK,5G,example.com,2025-04-14T20:02:33,82,0.84,1.1,1.05,0.178,True,True,False
ebac25bf-29d9-4c5d-9421-a760b85ce577,cmp_009,banner,mobile,5975a978d7fd4ef2,Windows,Chrome,Mozilla/5.0 (Linux; Android 13; Pixel 6),UK,WiFi,funmedia.co,2025-04-14T12:20:47,101,1.02,2.9,,0.171,False,False,False
a52b3529-5627-412c-83f6-30757f3428a6,cmp_010,native,mobile,92549d42855b4c99,iOS,Safari,Mozilla/5.0 (Windows NT 10.0; Win64; x64),JP,4G,example.com,2025-04-14T15:57:09,119,1.61,2.82,,0.197,False,False,False
73d03c1a-2175-431d-8ac0-441e2bbfa693,cmp_014,native,tablet,8bf1c23e2f474230,Android,Safari,Mozilla/5.0 (Linux; Android 13; Pixel 6),JP,WiFi,example.com,2025-04-14T09:15:30,108,0.8,0.6,,0.141,False,False,False
526576a9-2783-4be9-a981-b0e86297c691,cmp_010,native,mobile,3171bda0598e4c65,Android,Chrome,Mozilla/5.0 (Windows NT 10.0; Win64; x64),CA,WiFi,shopnow.com,2025-04-14T00:52:03,110,0.58,2.32,,0.163,False,False,False
e496270f-fb4e-4564-916f-dac8fc05c31f,cmp_018,native,mobile,692da7d5dd7d4680,macOS,Chrome,Mozilla/5.0 (Windows NT 10.0; Win64; x64),AU,WiFi,shopnow.com,2025-04-14T16:36:39,110,0.83,1.89,1.5,0.191,True,True,True
e8327a63-8d3d-48b6-b19b-e493ea03a801,cmp_007,native,desktop,77e0cc4a802f42bb,Android,Safari,Mozilla/5.0 (Linux; Android 13; Pixel 6),IN,4G,example.com,2025-04-14T14:19:36,156,1.94,0.79,,0.087,False,False,False
38ff7bea-ec7d-443a-8d3d-d93706dabe9c,cmp_005,native,desktop,b350741191dd4887,iOS,Edge,Mozilla/5.0 (Macintosh; Intel Mac OS X 12_5),JP,WiFi,sportsbuzz.io,2025-04-14T15:03:26,127,1.52,2.27,,0.069,False,False,False
85d36db0-5eae-40f8-aa24-2cb239d4218f,cmp_017,banner,mobile,b1f5af6f79e54668,iOS,Firefox,Mozilla/5.0 (Linux; Android 13; Pixel 6),BR,WiFi,newsnet.org,2025-04-14T19:33:38,119,1.92,4.5,3.34,0.179,True,False,False
4855380b-ab14-4103-8c9c-1f1512427d62,cmp_019,native,desktop,fd5999974be24b0c,Android,Edge,Mozilla/5.0 (Macintosh; Intel Mac OS X 12_5),UK,WiFi,funmedia.co,2025-04-14T17:21:01,152,0.75,2.91,,0.13,False,False,False
d54e520e-e12a-4738-b306-cd0d5ca4ac98,cmp_017,video,mobile,a5ce9a9106b94d08,Windows,Chrome,Mozilla/5.0 (Linux; Android 13; Pixel 6),UK,4G,funmedia.co,2025-04-14T06:35:30,141,0.61,1.04,0.97,0.113,True,False,False
83965b84-f858-4121-ba81-b8682701f499,cmp_008,banner,desktop,9f736cdbf072462c,iOS,Edge,Mozilla/5.0 (Macintosh; Intel Mac OS X 12_5),UK,WiFi,example.com,2025-04-14T14:40:57,145,0.32,4.99,,0.196,False,False,False
e2afa58f-0cda-481c-883d-8bed958cd4db,cmp_002,banner,desktop,7e84273a0ebc456f,macOS,Chrome,Mozilla/5.0 (iPhone; CPU iPhone OS 16_0 like Mac OS X),BR,WiFi,example.com,2025-04-14T05:05:42,104,0.66,1.47,,0.125,False,False,False
36eaa914-728a-491f-aa72-74c1055f8d9a,cmp_019,banner,desktop,7d05c12d3be5472a,macOS,Safari,Mozilla/5.0 (Linux; Android 13; Pixel 6),JP,2G,sportsbuzz.io,2025-04-14T08:29:26,91,1.8,1.42,,0.094,False,False,False
f0c9fbc6-e528-4e39-a2cf-9cc6fc1002f7,cmp_013,banner,desktop,e305141d528f4a01,Android,Safari,Mozilla/5.0 (Linux; Android 13; Pixel 6),FR,4G,sportsbuzz.io,2025-04-14T16:25:10,151,0.27,2.82,,0.176,False,False,False
2566806a-67b8-4877-83f1-aae359017e7e,cmp_001,banner,tablet,37f24ab2bbd24d40,Windows,Chrome,Mozilla/5.0 (Windows NT 10.0; Win64; x64),CA,WiFi,sportsbuzz.io,2025-04-14T20:59:24,131,0.35,0.54,,0.187,False,False,False
f427493e-1f74-4349-8681-a217cc671293,cmp_015,video,mobile,f30ac769288a4a7e,Android,Safari,Mozilla/5.0 (iPhone; CPU iPhone OS 16_0 like Mac OS X),JP,WiFi,example.com,2025-04-14T22:12:22,151,0.41,0.49,0.4,0.082,True,False,False
e19c00bc-ab2c-48da-a4aa-bf3e32be93c9,cmp_004,video,mobile,4cc6cc92cd9f4e07,Android,Edge,Mozilla/5.0 (Macintosh; Intel Mac OS X 12_5),BR,3G,newsnet.org,2025-04-14T23:20:08,108,0.19,1.4,,0.193,False,False,False
461c05d4-53e1-4ad3-b2b3-18430aaae93c,cmp_014,video,mobile,981dedd8c1144e98,Windows,Chrome,Mozilla/5.0 (iPhone; CPU iPhone OS 16_0 like Mac OS X),US,4G,funmedia.co,2025-04-14T09:09:55,98,0.58,1.1,,0.029,False,False,False
97763b92-afeb-4190-a460-150b09275df3,cmp_006,video,desktop,c9f40398ac6b4129,iOS,Safari,Mozilla/5.0 (Linux; Android 13; Pixel 6),FR,WiFi,example.com,2025-04-14T03:09:57,166,1.67,2.99,2.54,0.029,True,False,False
191992f2-fa5e-46dc-b7f3-b22fca258422,cmp_014,native,desktop,b6f78d6074514e0a,Android,Chrome,Mozilla/5.0 (Linux; Android 13; Pixel 6),FR,WiFi,newsnet.org,2025-04-14T04:34:21,76,1.39,0.97,,0.071,False,False,False
944baa6d-1481-4dfe-a60e-128f6bc62304,cmp_019,video,tablet,f3bc572937d24a37,macOS,Edge,Mozilla/5.0 (Macintosh; Intel Mac OS X 12_5),US,WiFi,shopnow.com,2025-04-14T00:14:36,153,0.87,3.53,2.89,0.188,True,False,False
02141bd2-87ba-490e-95d8-2b0a32437929,cmp_003,video,desktop,b463e7a784284371,Android,Safari,Mozilla/5.0 (Linux; Android 13; Pixel 6),AU,WiFi,newsnet.org,2025-04-14T04:50:00,119,0.4,1.71,,0.199,False,False,False
8a141c75-f8cd-497a-b725-f325f16dbdd6,cmp_009,video,mobile,b65d1bdba9434bf4,Android,Chrome,Mozilla/5.0 (iPhone; CPU iPhone OS 16_0 like Mac OS X),FR,5G,sportsbuzz.io,2025-04-14T18:00:49,122,0.36,4.91,,0.118,False,False,False
273d7e71-1283-49f7-8913-5e631f5b5482,cmp_014,native,mobile,6076ae75cbc9410a,Windows,Chrome,Mozilla/5.0 (Linux; Android 13; Pixel 6),DE,WiFi,shopnow.com,2025-04-14T19:02:35,102,1.85,0.72,,0.172,False,False,False
cad07cf2-c0f3-4752-ab41-e96f2d380540,cmp_020,native,mobile,ca7c17ef9adc4396,Windows,Safari,Mozilla/5.0 (Macintosh; Intel Mac OS X 12_5),JP,4G,funmedia.co,2025-04-14T20:38:44,74,1.15,3.09,2.47,0.023,True,False,False
e3446489-5914-4161-912d-9bc3efdaef5b,cmp_012,banner,desktop,78ecc27983914c79,Android,Edge,Mozilla/5.0 (iPhone; CPU iPhone OS 16_0 like Mac OS X),FR,5G,newsnet.org,2025-04-14T14:51:48,84,1.12,2.44,2.37,0.195,True,False,False
8969e2df-0be8-46ea-86d7-2e1d80b20285,cmp_020,banner,desktop,d1aba9bf15a145a3,macOS,Edge,Mozilla/5.0 (Macintosh; Intel Mac OS X 12_5),FR,5G,shopnow.com,2025-04-14T10:04:39,144,1.04,2.24,,0.171,False,False,False
32c97c39-ea38-42ba-9a74-7a565e125bf4,cmp_017,banner,mobile,c059446e1f17460f,macOS,Safari,Mozilla/5.0 (Windows NT 10.0; Win64; x64),US,WiFi,example.com,2025-04-14T03:33:36,89,0.8,3.98,,0.142,False,False,False
9ea275bc-008d-4623-b605-fb9f839fadf6,cmp_019,video,mobile,da4afa0ec7964305,iOS,Chrome,Mozilla/5.0 (Macintosh; Intel Mac OS X 12_5),BR,4G,example.com,2025-04-14T18:55:23,135,1.72,3.76,3.2,0.061,True,False,False
b0e88062-6d9d-46ac-803e-874725b32a3d,cmp_018,native,mobile,5bfad884b9464684,Windows,Edge,Mozilla/5.0 (Linux; Android 13; Pixel 6),IN,WiFi,shopnow.com,2025-04-14T11:08:22,109,1.89,1.19,,0.114,False,False,False
cd3499ce-8e2d-457a-abde-69b8aaa14c7e,cmp_003,banner,mobile,c88d0b944ec64bb3,Android,Firefox,Mozilla/5.0 (Windows NT 10.0; Win64; x64),UK,WiFi,funmedia.co,2025-04-14T21:36:59,137,0.84,4.73,4.61,0.194,True,False,False
e70948d9-1c4c-4b52-8647-ae89cb12f000,cmp_008,native,desktop,a44cebdf1e204f2e,iOS,Edge,Mozilla/5.0 (iPhone; CPU iPhone OS 16_0 like Mac OS X),BR,4G,shopnow.com,2025-04-14T18:21:33,112,1.33,0.23,,0.109,False,False,False
8b6ce4fa-ce02-4717-bc2c-02352c726a5b,cmp_010,video,mobile,5d0293adcf1f430c,Android,Chrome,Mozilla/5.0 (Macintosh; Intel Mac OS X 12_5),BR,4G,funmedia.co,2025-04-14T22:54:35,109,1.07,3.41,,0.12,False,False,False
60b97279-c214-40ef-9ce6-7699e34c36d2,cmp_019,video,mobile,b5f3d63e31a849f7,Windows,Chrome,Mozilla/5.0 (Windows NT 10.0; Win64; x64),IN,3G,newsnet.org,2025-04-14T03:30:38,109,0.85,1.88,,0.027,False,False,False
